2026-06-10 13:41:15,859 - INFO - 
[Search] [devops engineer] - ['Hyderabad', 'Bangalore', 'Chennai', 'Pune', 'Remote']
2026-06-10 13:41:17,282 - INFO -     [200] https://www.linkedin.com/jobs-guest/jobs/api/seeMoreJobPostings/search?keywords=devops%20e
2026-06-10 13:41:18,949 - INFO -     [200] https://www.linkedin.com/jobs-guest/jobs/api/seeMoreJobPostings/search?keywords=devops%20e
2026-06-10 13:41:20,691 - INFO -     [200] https://www.linkedin.com/jobs-guest/jobs/api/seeMoreJobPostings/search?keywords=devops%20e
2026-06-10 13:41:22,334 - INFO -     [200] https://www.linkedin.com/jobs-guest/jobs/api/seeMoreJobPostings/search?keywords=devops%20e
2026-06-10 13:41:22,876 - INFO -     [429] https://www.linkedin.com/jobs-guest/jobs/api/seeMoreJobPostings/search?keywords=devops%20e
2026-06-10 13:41:23,079 - INFO -  [OK] LinkedIn: 39 fetched → 39 new & recent (filtered: 0)
2026-06-10 13:41:35,290 - INFO -  [OK] Naukri: 90 fetched → 3 new & recent (filtered: 87)
2026-06-10 13:41:35,790 - INFO -  [OK] Remotive: 13 fetched → 0 new & recent (filtered: 13)
2026-06-10 13:41:37,289 - INFO -  [OK] WeWorkRemotely: 13 fetched → 0 new & recent (filtered: 13)
2026-06-10 13:41:37,905 - INFO -  [OK] RemoteOK: 0 fetched → 0 new & recent (filtered: 0)
2026-06-10 13:41:49,015 - INFO -   [Sent] Sent 5 new jobs for 'devops engineer'
2026-06-10 13:41:50,546 - INFO -   [OK] Pushed 'sent_jobs.json' to GitHub.
2026-06-10 13:41:51,530 - INFO -   [OK] Pushed 'last_run.json' to GitHub.
2026-06-10 13:41:51,533 - INFO - 
[Search] [cloud engineer] - ['Hyderabad', 'Bangalore', 'Chennai', 'Pune', 'Remote']
2026-06-10 13:41:53,265 - INFO -     [200] https://www.linkedin.com/jobs-guest/jobs/api/seeMoreJobPostings/search?keywords=cloud%20en
2026-06-10 13:41:55,138 - INFO -     [200] https://www.linkedin.com/jobs-guest/jobs/api/seeMoreJobPostings/search?keywords=cloud%20en
2026-06-10 13:41:56,765 - INFO -     [200] https://www.linkedin.com/jobs-guest/jobs/api/seeMoreJobPostings/search?keywords=cloud%20en
2026-06-10 13:41:58,512 - INFO -     [200] https://www.linkedin.com/jobs-guest/jobs/api/seeMoreJobPostings/search?keywords=cloud%20en
2026-06-10 13:42:00,279 - INFO -     [200] https://www.linkedin.com/jobs-guest/jobs/api/seeMoreJobPostings/search?keywords=cloud%20en
2026-06-10 13:42:00,490 - INFO - [DEBUG] Dropped job in 'san jose, ca' - not in target list
2026-06-10 13:42:00,490 - INFO - [DEBUG] Dropped job in 'phoenix, az' - not in target list
2026-06-10 13:42:00,490 - INFO - [DEBUG] Dropped job in 'omaha, ne' - not in target list
2026-06-10 13:42:00,490 - INFO - [DEBUG] Dropped job in 'chandler, az' - not in target list
2026-06-10 13:42:00,490 - INFO - [DEBUG] Dropped job in 'new york, ny' - not in target list
2026-06-10 13:42:00,490 - INFO - [DEBUG] Dropped job in 'cambridgeshire, england, united kingdom' - not in target list
2026-06-10 13:42:00,490 - INFO - [DEBUG] Dropped job in 'amsterdam, north holland, netherlands' - not in target list
2026-06-10 13:42:00,491 - INFO - [DEBUG] Dropped job in 'westlake, oh' - not in target list
2026-06-10 13:42:00,491 - INFO - [DEBUG] Dropped job in 'plano, tx' - not in target list
2026-06-10 13:42:00,491 - INFO - [DEBUG] Dropped job in 'london area, united kingdom' - not in target list
2026-06-10 13:42:00,491 - INFO -  [OK] LinkedIn: 50 fetched → 40 new & recent (filtered: 10)
2026-06-10 13:42:12,731 - INFO -  [OK] Naukri: 88 fetched → 4 new & recent (filtered: 84)
2026-06-10 13:42:13,232 - INFO -  [OK] Remotive: 13 fetched → 0 new & recent (filtered: 13)
2026-06-10 13:42:14,477 - INFO -  [OK] WeWorkRemotely: 13 fetched → 0 new & recent (filtered: 13)
2026-06-10 13:42:15,097 - INFO -  [OK] RemoteOK: 0 fetched → 0 new & recent (filtered: 0)
2026-06-10 13:42:34,692 - INFO -   [Sent] Sent 9 new jobs for 'cloud engineer'
2026-06-10 13:42:36,508 - INFO -   [OK] Pushed 'sent_jobs.json' to GitHub.
2026-06-10 13:42:37,697 - INFO -   [OK] Pushed 'last_run.json' to GitHub.
2026-06-10 13:42:37,698 - INFO - 
[Search] [site reliability engineer] - ['Hyderabad', 'Bangalore', 'Chennai', 'Pune', 'Remote']
2026-06-10 13:42:39,464 - INFO -     [200] https://www.linkedin.com/jobs-guest/jobs/api/seeMoreJobPostings/search?keywords=site%20rel
2026-06-10 13:42:41,272 - INFO -     [200] https://www.linkedin.com/jobs-guest/jobs/api/seeMoreJobPostings/search?keywords=site%20rel
2026-06-10 13:42:42,821 - INFO -     [200] https://www.linkedin.com/jobs-guest/jobs/api/seeMoreJobPostings/search?keywords=site%20rel
2026-06-10 13:42:44,782 - INFO -     [200] https://www.linkedin.com/jobs-guest/jobs/api/seeMoreJobPostings/search?keywords=site%20rel
2026-06-10 13:42:46,112 - INFO -     [429] https://www.linkedin.com/jobs-guest/jobs/api/seeMoreJobPostings/search?keywords=site%20rel
2026-06-10 13:42:46,314 - INFO -  [OK] LinkedIn: 40 fetched → 40 new & recent (filtered: 0)
2026-06-10 13:42:59,786 - INFO -  [OK] Naukri: 85 fetched → 7 new & recent (filtered: 78)
2026-06-10 13:43:00,287 - INFO -  [OK] Remotive: 13 fetched → 0 new & recent (filtered: 13)
2026-06-10 13:43:01,577 - INFO -  [OK] WeWorkRemotely: 14 fetched → 0 new & recent (filtered: 14)
2026-06-10 13:43:02,197 - INFO -  [OK] RemoteOK: 0 fetched → 0 new & recent (filtered: 0)
2026-06-10 13:43:11,112 - INFO -   [Sent] Sent 4 new jobs for 'site reliability engineer'
2026-06-10 13:43:12,890 - INFO -   [OK] Pushed 'sent_jobs.json' to GitHub.
2026-06-10 13:43:14,120 - INFO -   [OK] Pushed 'last_run.json' to GitHub.
2026-06-10 13:43:14,123 - INFO - 
[Search] [platform engineer] - ['Hyderabad', 'Bangalore', 'Chennai', 'Pune', 'Remote']
2026-06-10 13:43:15,624 - INFO -     [200] https://www.linkedin.com/jobs-guest/jobs/api/seeMoreJobPostings/search?keywords=platform%2
2026-06-10 13:43:17,399 - INFO -     [200] https://www.linkedin.com/jobs-guest/jobs/api/seeMoreJobPostings/search?keywords=platform%2
2026-06-10 13:43:19,205 - INFO -     [200] https://www.linkedin.com/jobs-guest/jobs/api/seeMoreJobPostings/search?keywords=platform%2
2026-06-10 13:43:21,011 - INFO -     [200] https://www.linkedin.com/jobs-guest/jobs/api/seeMoreJobPostings/search?keywords=platform%2
2026-06-10 13:43:22,810 - INFO -     [200] https://www.linkedin.com/jobs-guest/jobs/api/seeMoreJobPostings/search?keywords=platform%2
2026-06-10 13:43:23,020 - INFO - [DEBUG] Dropped job in 'san jose, ca' - not in target list
2026-06-10 13:43:23,020 - INFO - [DEBUG] Dropped job in 'phoenix, az' - not in target list
2026-06-10 13:43:23,021 - INFO - [DEBUG] Dropped job in 'omaha, ne' - not in target list
2026-06-10 13:43:23,021 - INFO - [DEBUG] Dropped job in 'amsterdam, north holland, netherlands' - not in target list
2026-06-10 13:43:23,021 - INFO - [DEBUG] Dropped job in 'san francisco, ca' - not in target list
2026-06-10 13:43:23,021 - INFO - [DEBUG] Dropped job in 'usa, kochi, japan' - not in target list
2026-06-10 13:43:23,021 - INFO - [DEBUG] Dropped job in 'poughkeepsie, ny' - not in target list
2026-06-10 13:43:23,021 - INFO - [DEBUG] Dropped job in 'united states' - not in target list
2026-06-10 13:43:23,021 - INFO - [DEBUG] Dropped job in 'chandler, az' - not in target list
2026-06-10 13:43:23,021 - INFO - [DEBUG] Dropped job in 'chicago, il' - not in target list
2026-06-10 13:43:23,021 - INFO -  [OK] LinkedIn: 48 fetched → 38 new & recent (filtered: 10)
2026-06-10 13:43:36,329 - INFO -  [OK] Naukri: 93 fetched → 9 new & recent (filtered: 84)
2026-06-10 13:43:36,830 - INFO -  [OK] Remotive: 13 fetched → 0 new & recent (filtered: 13)
2026-06-10 13:43:38,277 - INFO -  [OK] WeWorkRemotely: 16 fetched → 0 new & recent (filtered: 16)
2026-06-10 13:43:38,896 - INFO -  [OK] RemoteOK: 0 fetched → 0 new & recent (filtered: 0)
2026-06-10 13:43:43,618 - INFO -   [Sent] Sent 2 new jobs for 'platform engineer'
2026-06-10 13:43:45,314 - INFO -   [OK] Pushed 'sent_jobs.json' to GitHub.
2026-06-10 13:43:46,422 - INFO -   [OK] Pushed 'last_run.json' to GitHub.
2026-06-10 13:43:46,425 - INFO - 
[Search] [kubernetes engineer] - ['Hyderabad', 'Bangalore', 'Chennai', 'Pune', 'Remote']
2026-06-10 13:43:48,017 - INFO -     [200] https://www.linkedin.com/jobs-guest/jobs/api/seeMoreJobPostings/search?keywords=kubernetes
2026-06-10 13:43:49,642 - INFO -     [200] https://www.linkedin.com/jobs-guest/jobs/api/seeMoreJobPostings/search?keywords=kubernetes
2026-06-10 13:43:51,311 - INFO -     [200] https://www.linkedin.com/jobs-guest/jobs/api/seeMoreJobPostings/search?keywords=kubernetes
2026-06-10 13:43:52,859 - INFO -     [200] https://www.linkedin.com/jobs-guest/jobs/api/seeMoreJobPostings/search?keywords=kubernetes
2026-06-10 13:43:54,584 - INFO -     [200] https://www.linkedin.com/jobs-guest/jobs/api/seeMoreJobPostings/search?keywords=kubernetes
2026-06-10 13:43:54,794 - INFO - [DEBUG] Dropped job in 'vancouver, british columbia, canada' - not in target list
2026-06-10 13:43:54,795 - INFO - [DEBUG] Dropped job in 'washington, dc' - not in target list
2026-06-10 13:43:54,795 - INFO - [DEBUG] Dropped job in 'rome, ny' - not in target list
2026-06-10 13:43:54,795 - INFO - [DEBUG] Dropped job in 'vancouver, british columbia, canada' - not in target list
2026-06-10 13:43:54,795 - INFO - [DEBUG] Dropped job in 'toronto, ontario, canada' - not in target list
2026-06-10 13:43:54,795 - INFO - [DEBUG] Dropped job in 'london, england, united kingdom' - not in target list
2026-06-10 13:43:54,795 - INFO - [DEBUG] Dropped job in 'chandler, az' - not in target list
2026-06-10 13:43:54,795 - INFO - [DEBUG] Dropped job in 'tallinn, harjumaa, estonia' - not in target list
2026-06-10 13:43:54,795 - INFO - [DEBUG] Dropped job in 'chandler, az' - not in target list
2026-06-10 13:43:54,795 - INFO - [DEBUG] Dropped job in 'melbourne, victoria, australia' - not in target list
2026-06-10 13:43:54,795 - INFO -  [OK] LinkedIn: 47 fetched → 37 new & recent (filtered: 10)
2026-06-10 13:44:05,974 - INFO -  [OK] Naukri: 68 fetched → 3 new & recent (filtered: 65)
2026-06-10 13:44:06,475 - INFO -  [OK] Remotive: 13 fetched → 0 new & recent (filtered: 13)
2026-06-10 13:44:07,779 - INFO -  [OK] WeWorkRemotely: 13 fetched → 0 new & recent (filtered: 13)
2026-06-10 13:44:08,396 - INFO -  [OK] RemoteOK: 0 fetched → 0 new & recent (filtered: 0)
2026-06-10 13:44:30,006 - INFO -   [Sent] Sent 10 new jobs for 'kubernetes engineer'
2026-06-10 13:44:31,845 - INFO -   [OK] Pushed 'sent_jobs.json' to GitHub.
2026-06-10 13:44:32,943 - INFO -   [OK] Pushed 'last_run.json' to GitHub.
2026-06-10 13:44:35,894 - INFO -   [OK] Pushed 'sent_jobs.json' to GitHub.
2026-06-10 13:44:37,002 - INFO -   [OK] Pushed 'last_run.json' to GitHub.
2026-06-10 13:44:37,004 - INFO - 
==================================================
2026-06-10 13:44:37,005 - INFO - [OK] Run complete. Total new jobs sent: 85
2026-06-10 13:44:37,005 - INFO - ==================================================
============================================================
[RUN END] exit code: 0
============================================================
2026-06-10 14:04:25,992 - INFO - [startup] Pulled 3000 log lines from GitHub.
============================================================
[RUN START] 2026-06-10 14:04:33 UTC
============================================================
2026-06-10 14:04:34,200 - INFO - [OK] Config OK - 3 active categories, 16 keywords total
2026-06-10 14:04:34,600 - INFO - 
============================================================
2026-06-10 14:04:34,600 - INFO - [STARTUP] ENV VAR CHECK
2026-06-10 14:04:34,600 - INFO - ============================================================
2026-06-10 14:04:34,601 - INFO -   [OK]     SST_BOT_TOKEN = ***wE1Y
2026-06-10 14:04:34,601 - INFO -   [OK]     SST_BACKEND_JOBS_CHAT_ID = ***1312
2026-06-10 14:04:34,601 - INFO -   [OK]     SST_FRONTEND_JOBS_CHAT_ID = ***8207
2026-06-10 14:04:34,601 - INFO -   [OK]     SST_DEVOPS_JOBS_CHAT_ID = ***1587
2026-06-10 14:04:34,601 - INFO -   [OK]     GITHUB_TOKEN = ***IB17
2026-06-10 14:04:34,601 - INFO -   [OK]     GITHUB_REPO = ***-bot
2026-06-10 14:04:34,601 - INFO -   [OK]     SCRAPER_API_KEY = ***nK5Z
2026-06-10 14:04:34,601 - INFO - ============================================================
2026-06-10 14:04:35,069 - INFO - [OK] Successfully pulled sent_jobs.json from GitHub.
2026-06-10 14:04:35,396 - INFO - [OK] Successfully pulled last_run.json from GitHub.
2026-06-10 14:04:35,399 - INFO - 
[Time] Last run: 2026-06-10 19:14:35.897480+05:30
2026-06-10 14:04:35,399 - INFO - [State] Already sent: 5000 job IDs
2026-06-10 14:04:35,399 - INFO - 
--------------------------------------------------
2026-06-10 14:04:35,400 - INFO - [Category] Category: BACKEND | Elapsed: 0.0 min
2026-06-10 14:04:35,400 - INFO - --------------------------------------------------
2026-06-10 14:04:35,400 - INFO - 
[Search] [python developer] - ['Hyderabad', 'Bangalore', 'Chennai', 'Pune', 'Remote']
2026-06-10 14:04:36,948 - INFO -     [200] https://www.linkedin.com/jobs-guest/jobs/api/seeMoreJobPostings/search?keywords=python%20d
2026-06-10 14:04:40,103 - INFO -     [200] https://www.linkedin.com/jobs-guest/jobs/api/seeMoreJobPostings/search?keywords=python%20d
2026-06-10 14:04:42,019 - INFO -     [200] https://www.linkedin.com/jobs-guest/jobs/api/seeMoreJobPostings/search?keywords=python%20d
2026-06-10 14:04:43,716 - INFO -     [200] https://www.linkedin.com/jobs-guest/jobs/api/seeMoreJobPostings/search?keywords=python%20d
2026-06-10 14:04:45,452 - INFO -     [200] https://www.linkedin.com/jobs-guest/jobs/api/seeMoreJobPostings/search?keywords=python%20d
2026-06-10 14:04:45,664 - INFO - [DEBUG] Dropped job in 'united states' - not in target list
2026-06-10 14:04:45,664 - INFO - [DEBUG] Dropped job in 'mississauga, ontario, canada' - not in target list
2026-06-10 14:04:45,665 - INFO - [DEBUG] Dropped job in 'columbus, oh' - not in target list
2026-06-10 14:04:45,665 - INFO - [DEBUG] Dropped job in 'reading, england, united kingdom' - not in target list
2026-06-10 14:04:45,665 - INFO - [DEBUG] Dropped job in 'london, england, united kingdom' - not in target list
2026-06-10 14:04:45,665 - INFO - [DEBUG] Dropped job in 'amersfoort, utrecht, netherlands' - not in target list
2026-06-10 14:04:45,665 - INFO - [DEBUG] Dropped job in 'montreal, quebec, canada' - not in target list
2026-06-10 14:04:45,665 - INFO -  [OK] LinkedIn: 46 fetched → 39 new & recent (filtered: 7)
2026-06-10 14:04:57,458 - INFO -  [OK] Naukri: 80 fetched → 23 new & recent (filtered: 57)
2026-06-10 14:04:58,121 - INFO -     [Remotive] Cached 28 total jobs
2026-06-10 14:04:58,123 - INFO -  [OK] Remotive: 2 fetched → 0 new & recent (filtered: 2)
2026-06-10 14:04:59,504 - INFO -  [OK] WeWorkRemotely: 3 fetched → 0 new & recent (filtered: 3)
2026-06-10 14:05:00,205 - INFO -  [OK] RemoteOK: 0 fetched → 0 new & recent (filtered: 0)
2026-06-10 14:05:19,925 - INFO -   [Sent] Sent 9 new jobs for 'python developer'
2026-06-10 14:05:21,672 - INFO -   [OK] Pushed 'sent_jobs.json' to GitHub.
2026-06-10 14:05:22,854 - INFO -   [OK] Pushed 'last_run.json' to GitHub.
2026-06-10 14:05:22,857 - INFO - 
[Search] [java developer] - ['Hyderabad', 'Bangalore', 'Chennai', 'Pune', 'Remote']
2026-06-10 14:05:24,388 - INFO -     [200] https://www.linkedin.com/jobs-guest/jobs/api/seeMoreJobPostings/search?keywords=java%20dev
2026-06-10 14:05:25,953 - INFO -     [200] https://www.linkedin.com/jobs-guest/jobs/api/seeMoreJobPostings/search?keywords=java%20dev
2026-06-10 14:05:27,548 - INFO -     [200] https://www.linkedin.com/jobs-guest/jobs/api/seeMoreJobPostings/search?keywords=java%20dev
2026-06-10 14:05:29,269 - INFO -     [200] https://www.linkedin.com/jobs-guest/jobs/api/seeMoreJobPostings/search?keywords=java%20dev
2026-06-10 14:05:30,792 - INFO -     [200] https://www.linkedin.com/jobs-guest/jobs/api/seeMoreJobPostings/search?keywords=java%20dev
2026-06-10 14:05:31,004 - INFO - [DEBUG] Dropped job in 'london, england, united kingdom' - not in target list
2026-06-10 14:05:31,004 - INFO - [DEBUG] Dropped job in 'trivandrum, kerala, india' - not in target list
2026-06-10 14:05:31,004 - INFO - [DEBUG] Dropped job in 'bratislava, slovakia' - not in target list
2026-06-10 14:05:31,004 - INFO - [DEBUG] Dropped job in 'olathe, ks' - not in target list
2026-06-10 14:05:31,004 - INFO - [DEBUG] Dropped job in 'new york, united states' - not in target list
2026-06-10 14:05:31,004 - INFO - [DEBUG] Dropped job in 'dearborn, mi' - not in target list
2026-06-10 14:05:31,004 - INFO - [DEBUG] Dropped job in 'nicosia, nicosia, cyprus' - not in target list
2026-06-10 14:05:31,005 - INFO -  [OK] LinkedIn: 44 fetched → 37 new & recent (filtered: 7)
2026-06-10 14:05:43,567 - INFO -  [OK] Naukri: 65 fetched → 18 new & recent (filtered: 47)
2026-06-10 14:05:44,067 - INFO -  [OK] Remotive: 3 fetched → 0 new & recent (filtered: 3)
2026-06-10 14:05:45,301 - INFO -  [OK] WeWorkRemotely: 2 fetched → 0 new & recent (filtered: 2)
2026-06-10 14:05:45,917 - INFO -  [OK] RemoteOK: 0 fetched → 0 new & recent (filtered: 0)
2026-06-10 14:06:03,632 - INFO -   [Sent] Sent 8 new jobs for 'java developer'
2026-06-10 14:06:05,390 - INFO -   [OK] Pushed 'sent_jobs.json' to GitHub.
2026-06-10 14:06:06,637 - INFO -   [OK] Pushed 'last_run.json' to GitHub.
2026-06-10 14:06:06,639 - INFO - 
[Search] [node.js developer] - ['Hyderabad', 'Bangalore', 'Chennai', 'Pune', 'Remote']
2026-06-10 14:06:08,456 - INFO -     [200] https://www.linkedin.com/jobs-guest/jobs/api/seeMoreJobPostings/search?keywords=node.js%20
2026-06-10 14:06:10,061 - INFO -     [200] https://www.linkedin.com/jobs-guest/jobs/api/seeMoreJobPostings/search?keywords=node.js%20
2026-06-10 14:06:11,876 - INFO -     [200] https://www.linkedin.com/jobs-guest/jobs/api/seeMoreJobPostings/search?keywords=node.js%20
2026-06-10 14:06:13,482 - INFO -     [200] https://www.linkedin.com/jobs-guest/jobs/api/seeMoreJobPostings/search?keywords=node.js%20
2026-06-10 14:06:15,161 - INFO -     [200] https://www.linkedin.com/jobs-guest/jobs/api/seeMoreJobPostings/search?keywords=node.js%20
2026-06-10 14:06:15,372 - INFO - [DEBUG] Dropped job in 'united states' - not in target list
2026-06-10 14:06:15,372 - INFO - [DEBUG] Dropped job in 'san francisco, ca' - not in target list
2026-06-10 14:06:15,373 - INFO - [DEBUG] Dropped job in 'ghana' - not in target list
2026-06-10 14:06:15,373 - INFO - [DEBUG] Dropped job in 'madison, wi' - not in target list
2026-06-10 14:06:15,373 - INFO - [DEBUG] Dropped job in 'london area, united kingdom' - not in target list
2026-06-10 14:06:15,373 - INFO - [DEBUG] Dropped job in 'los angeles, ca' - not in target list
2026-06-10 14:06:15,373 - INFO - [DEBUG] Dropped job in 'des moines, ia' - not in target list
2026-06-10 14:06:15,373 - INFO - [DEBUG] Dropped job in 'new york, united states' - not in target list
2026-06-10 14:06:15,373 - INFO -  [OK] LinkedIn: 37 fetched → 29 new & recent (filtered: 8)
2026-06-10 14:06:27,468 - INFO -  [OK] Naukri: 76 fetched → 4 new & recent (filtered: 72)
2026-06-10 14:06:27,969 - INFO -  [OK] Remotive: 2 fetched → 0 new & recent (filtered: 2)
2026-06-10 14:06:29,302 - INFO -  [OK] WeWorkRemotely: 2 fetched → 0 new & recent (filtered: 2)
2026-06-10 14:06:29,916 - INFO -  [OK] RemoteOK: 0 fetched → 0 new & recent (filtered: 0)
2026-06-10 14:06:36,714 - INFO -   [Sent] Sent 3 new jobs for 'node.js developer'
2026-06-10 14:06:38,568 - INFO -   [OK] Pushed 'sent_jobs.json' to GitHub.
2026-06-10 14:06:39,658 - INFO -   [OK] Pushed 'last_run.json' to GitHub.
2026-06-10 14:06:39,660 - INFO - 
[Search] [backend developer] - ['Hyderabad', 'Bangalore', 'Chennai', 'Pune', 'Remote']
2026-06-10 14:06:41,148 - INFO -     [200] https://www.linkedin.com/jobs-guest/jobs/api/seeMoreJobPostings/search?keywords=backend%20
2026-06-10 14:06:42,946 - INFO -     [200] https://www.linkedin.com/jobs-guest/jobs/api/seeMoreJobPostings/search?keywords=backend%20
2026-06-10 14:06:45,126 - INFO -     [200] https://www.linkedin.com/jobs-guest/jobs/api/seeMoreJobPostings/search?keywords=backend%20
2026-06-10 14:06:46,950 - INFO -     [200] https://www.linkedin.com/jobs-guest/jobs/api/seeMoreJobPostings/search?keywords=backend%20
2026-06-10 14:06:48,694 - INFO -     [200] https://www.linkedin.com/jobs-guest/jobs/api/seeMoreJobPostings/search?keywords=backend%20
2026-06-10 14:06:48,906 - INFO - [DEBUG] Dropped job in 'singapore, singapore' - not in target list
2026-06-10 14:06:48,906 - INFO - [DEBUG] Dropped job in 'greater joão pessoa' - not in target list
2026-06-10 14:06:48,907 - INFO - [DEBUG] Dropped job in 'london area, united kingdom' - not in target list
2026-06-10 14:06:48,907 - INFO - [DEBUG] Dropped job in 'new york, ny' - not in target list
2026-06-10 14:06:48,907 - INFO - [DEBUG] Dropped job in 'san francisco, ca' - not in target list
2026-06-10 14:06:48,907 - INFO - [DEBUG] Dropped job in 'london, england, united kingdom' - not in target list
2026-06-10 14:06:48,907 - INFO - [DEBUG] Dropped job in 'chicago, il' - not in target list
2026-06-10 14:06:48,907 - INFO -  [OK] LinkedIn: 41 fetched → 34 new & recent (filtered: 7)
2026-06-10 14:07:02,707 - INFO -  [OK] Naukri: 91 fetched → 6 new & recent (filtered: 85)
2026-06-10 14:07:03,208 - INFO -  [OK] Remotive: 12 fetched → 0 new & recent (filtered: 12)
2026-06-10 14:07:04,505 - INFO -  [OK] WeWorkRemotely: 3 fetched → 0 new & recent (filtered: 3)
2026-06-10 14:07:05,116 - INFO -  [OK] RemoteOK: 0 fetched → 0 new & recent (filtered: 0)
2026-06-10 14:07:14,099 - INFO -   [Sent] Sent 4 new jobs for 'backend developer'
2026-06-10 14:07:15,860 - INFO -   [OK] Pushed 'sent_jobs.json' to GitHub.
2026-06-10 14:07:17,044 - INFO -   [OK] Pushed 'last_run.json' to GitHub.
2026-06-10 14:07:17,047 - INFO - 
[Search] [golang developer] - ['Hyderabad', 'Bangalore', 'Chennai', 'Pune', 'Remote']
2026-06-10 14:07:18,423 - INFO -     [200] https://www.linkedin.com/jobs-guest/jobs/api/seeMoreJobPostings/search?keywords=golang%20d
2026-06-10 14:07:20,157 - INFO -     [200] https://www.linkedin.com/jobs-guest/jobs/api/seeMoreJobPostings/search?keywords=golang%20d
2026-06-10 14:07:21,724 - INFO -     [200] https://www.linkedin.com/jobs-guest/jobs/api/seeMoreJobPostings/search?keywords=golang%20d
2026-06-10 14:07:23,370 - INFO -     [200] https://www.linkedin.com/jobs-guest/jobs/api/seeMoreJobPostings/search?keywords=golang%20d
2026-06-10 14:07:24,521 - INFO -     [429] https://www.linkedin.com/jobs-guest/jobs/api/seeMoreJobPostings/search?keywords=golang%20d
2026-06-10 14:07:24,723 - INFO -  [OK] LinkedIn: 18 fetched → 18 new & recent (filtered: 0)
2026-06-10 14:07:37,014 - INFO -  [OK] Naukri: 92 fetched → 7 new & recent (filtered: 85)
2026-06-10 14:07:37,515 - INFO -  [OK] Remotive: 2 fetched → 0 new & recent (filtered: 2)
2026-06-10 14:07:38,897 - INFO -  [OK] WeWorkRemotely: 2 fetched → 0 new & recent (filtered: 2)
2026-06-10 14:07:39,515 - INFO -  [OK] RemoteOK: 0 fetched → 0 new & recent (filtered: 0)
2026-06-10 14:07:54,969 - INFO -   [Sent] Sent 7 new jobs for 'golang developer'
2026-06-10 14:07:56,665 - INFO -   [OK] Pushed 'sent_jobs.json' to GitHub.
2026-06-10 14:07:57,808 - INFO -   [OK] Pushed 'last_run.json' to GitHub.
2026-06-10 14:07:57,810 - INFO - 
[Search] [rust developer] - ['Hyderabad', 'Bangalore', 'Chennai', 'Pune', 'Remote']
2026-06-10 14:07:59,228 - INFO -     [200] https://www.linkedin.com/jobs-guest/jobs/api/seeMoreJobPostings/search?keywords=rust%20dev
2026-06-10 14:08:00,915 - INFO -     [200] https://www.linkedin.com/jobs-guest/jobs/api/seeMoreJobPostings/search?keywords=rust%20dev
2026-06-10 14:08:02,445 - INFO -     [200] https://www.linkedin.com/jobs-guest/jobs/api/seeMoreJobPostings/search?keywords=rust%20dev
2026-06-10 14:08:03,974 - INFO -     [200] https://www.linkedin.com/jobs-guest/jobs/api/seeMoreJobPostings/search?keywords=rust%20dev
2026-06-10 14:08:05,938 - INFO -     [200] https://www.linkedin.com/jobs-guest/jobs/api/seeMoreJobPostings/search?keywords=rust%20dev
2026-06-10 14:08:06,149 - INFO - [DEBUG] Dropped job in 'new york, ny' - not in target list
2026-06-10 14:08:06,149 - INFO - [DEBUG] Dropped job in 'united states' - not in target list
2026-06-10 14:08:06,149 - INFO - [DEBUG] Dropped job in 'andaman and nicobar islands, india' - not in target list
2026-06-10 14:08:06,149 - INFO - [DEBUG] Dropped job in 'denmark' - not in target list
2026-06-10 14:08:06,149 - INFO - [DEBUG] Dropped job in 'india' - not in target list
2026-06-10 14:08:06,149 - INFO - [DEBUG] Dropped job in 'delhi, india' - not in target list
2026-06-10 14:08:06,149 - INFO - [DEBUG] Dropped job in 'chile' - not in target list
2026-06-10 14:08:06,149 - INFO -  [OK] LinkedIn: 23 fetched → 16 new & recent (filtered: 7)
2026-06-10 14:08:16,829 - INFO -  [OK] Naukri: 21 fetched → 1 new & recent (filtered: 20)
2026-06-10 14:08:17,330 - INFO -  [OK] Remotive: 2 fetched → 0 new & recent (filtered: 2)
2026-06-10 14:08:18,696 - INFO -  [OK] WeWorkRemotely: 2 fetched → 0 new & recent (filtered: 2)
2026-06-10 14:08:19,314 - INFO -  [OK] RemoteOK: 0 fetched → 0 new & recent (filtered: 0)
2026-06-10 14:08:19,815 - INFO -   [Sent] Sent 0 new jobs for 'rust developer'
2026-06-10 14:08:20,815 - INFO - 
--------------------------------------------------
2026-06-10 14:08:20,815 - INFO - [Category] Category: FRONTEND | Elapsed: 3.8 min
2026-06-10 14:08:20,816 - INFO - --------------------------------------------------
2026-06-10 14:08:20,816 - INFO - 
[Search] [react developer] - ['Hyderabad', 'Bangalore', 'Chennai', 'Pune', 'Remote']
2026-06-10 14:08:22,184 - INFO -     [200] https://www.linkedin.com/jobs-guest/jobs/api/seeMoreJobPostings/search?keywords=react%20de
2026-06-10 14:08:23,745 - INFO -     [200] https://www.linkedin.com/jobs-guest/jobs/api/seeMoreJobPostings/search?keywords=react%20de
2026-06-10 14:08:25,193 - INFO -     [200] https://www.linkedin.com/jobs-guest/jobs/api/seeMoreJobPostings/search?keywords=react%20de
2026-06-10 14:08:26,872 - INFO -     [200] https://www.linkedin.com/jobs-guest/jobs/api/seeMoreJobPostings/search?keywords=react%20de
2026-06-10 14:08:28,635 - INFO -     [200] https://www.linkedin.com/jobs-guest/jobs/api/seeMoreJobPostings/search?keywords=react%20de
2026-06-10 14:08:28,845 - INFO - [DEBUG] Dropped job in 'brazil' - not in target list
2026-06-10 14:08:28,845 - INFO - [DEBUG] Dropped job in 'türkiye' - not in target list
2026-06-10 14:08:28,845 - INFO - [DEBUG] Dropped job in 'united states' - not in target list
2026-06-10 14:08:28,845 - INFO - [DEBUG] Dropped job in 'latin america' - not in target list
2026-06-10 14:08:28,845 - INFO - [DEBUG] Dropped job in 'colombia' - not in target list
2026-06-10 14:08:28,845 - INFO - [DEBUG] Dropped job in 'lisbon, portugal' - not in target list
2026-06-10 14:08:28,845 - INFO - [DEBUG] Dropped job in 'london, england, united kingdom' - not in target list
2026-06-10 14:08:28,845 - INFO - [DEBUG] Dropped job in 'tel aviv-yafo, tel aviv district, israel' - not in target list
2026-06-10 14:08:28,845 - INFO -  [OK] LinkedIn: 35 fetched → 27 new & recent (filtered: 8)
2026-06-10 14:08:41,308 - INFO -  [OK] Naukri: 80 fetched → 6 new & recent (filtered: 74)
2026-06-10 14:08:41,809 - INFO -  [OK] Remotive: 13 fetched → 0 new & recent (filtered: 13)
2026-06-10 14:08:43,295 - INFO -  [OK] WeWorkRemotely: 2 fetched → 0 new & recent (filtered: 2)
2026-06-10 14:08:43,915 - INFO -  [OK] RemoteOK: 0 fetched → 0 new & recent (filtered: 0)
2026-06-10 14:08:53,021 - INFO -   [Sent] Sent 4 new jobs for 'react developer'
2026-06-10 14:08:54,722 - INFO -   [OK] Pushed 'sent_jobs.json' to GitHub.
2026-06-10 14:08:55,864 - INFO -   [OK] Pushed 'last_run.json' to GitHub.
2026-06-10 14:08:55,866 - INFO - 
[Search] [frontend developer] - ['Hyderabad', 'Bangalore', 'Chennai', 'Pune', 'Remote']
2026-06-10 14:08:57,339 - INFO -     [200] https://www.linkedin.com/jobs-guest/jobs/api/seeMoreJobPostings/search?keywords=frontend%2
2026-06-10 14:08:59,043 - INFO -     [200] https://www.linkedin.com/jobs-guest/jobs/api/seeMoreJobPostings/search?keywords=frontend%2
2026-06-10 14:09:00,553 - INFO -     [200] https://www.linkedin.com/jobs-guest/jobs/api/seeMoreJobPostings/search?keywords=frontend%2
2026-06-10 14:09:02,034 - INFO -     [200] https://www.linkedin.com/jobs-guest/jobs/api/seeMoreJobPostings/search?keywords=frontend%2
2026-06-10 14:09:04,153 - INFO -     [200] https://www.linkedin.com/jobs-guest/jobs/api/seeMoreJobPostings/search?keywords=frontend%2
2026-06-10 14:09:04,366 - INFO - [DEBUG] Dropped job in 'san antonio, tx' - not in target list
2026-06-10 14:09:04,366 - INFO - [DEBUG] Dropped job in 'baton rouge, la' - not in target list
2026-06-10 14:09:04,367 - INFO - [DEBUG] Dropped job in 'amman, amman, jordan' - not in target list
2026-06-10 14:09:04,367 - INFO - [DEBUG] Dropped job in 'london, england, united kingdom' - not in target list
2026-06-10 14:09:04,367 - INFO - [DEBUG] Dropped job in 'tel aviv-yafo, tel aviv district, israel' - not in target list
2026-06-10 14:09:04,367 - INFO - [DEBUG] Dropped job in 'manchester, england, united kingdom' - not in target list
2026-06-10 14:09:04,367 - INFO - [DEBUG] Dropped job in 'toronto, ontario, canada' - not in target list
2026-06-10 14:09:04,367 - INFO - [DEBUG] Dropped job in 'san jose, ca' - not in target list
2026-06-10 14:09:04,367 - INFO - [DEBUG] Dropped job in 'manchester area, united kingdom' - not in target list
2026-06-10 14:09:04,367 - INFO - [DEBUG] Dropped job in 'basildon, england, united kingdom' - not in target list
2026-06-10 14:09:04,367 - INFO -  [OK] LinkedIn: 27 fetched → 17 new & recent (filtered: 10)
2026-06-10 14:09:19,340 - INFO -  [OK] Naukri: 80 fetched → 2 new & recent (filtered: 78)
2026-06-10 14:09:19,841 - INFO -  [OK] Remotive: 13 fetched → 0 new & recent (filtered: 13)
2026-06-10 14:09:21,195 - INFO -  [OK] WeWorkRemotely: 3 fetched → 0 new & recent (filtered: 3)
2026-06-10 14:09:21,817 - INFO -  [OK] RemoteOK: 0 fetched → 0 new & recent (filtered: 0)
2026-06-10 14:09:24,438 - INFO -   [Sent] Sent 1 new jobs for 'frontend developer'
2026-06-10 14:09:26,195 - INFO -   [OK] Pushed 'sent_jobs.json' to GitHub.
2026-06-10 14:09:27,636 - INFO -   [OK] Pushed 'last_run.json' to GitHub.
2026-06-10 14:09:27,638 - INFO - 
[Search] [angular developer] - ['Hyderabad', 'Bangalore', 'Chennai', 'Pune', 'Remote']
2026-06-10 14:09:29,126 - INFO -     [200] https://www.linkedin.com/jobs-guest/jobs/api/seeMoreJobPostings/search?keywords=angular%20
2026-06-10 14:09:30,781 - INFO -     [200] https://www.linkedin.com/jobs-guest/jobs/api/seeMoreJobPostings/search?keywords=angular%20
2026-06-10 14:09:32,566 - INFO -     [200] https://www.linkedin.com/jobs-guest/jobs/api/seeMoreJobPostings/search?keywords=angular%20
2026-06-10 14:09:34,257 - INFO -     [200] https://www.linkedin.com/jobs-guest/jobs/api/seeMoreJobPostings/search?keywords=angular%20
2026-06-10 14:09:36,019 - INFO -     [200] https://www.linkedin.com/jobs-guest/jobs/api/seeMoreJobPostings/search?keywords=angular%20
2026-06-10 14:09:36,231 - INFO - [DEBUG] Dropped job in 'dallas-fort worth metroplex' - not in target list
2026-06-10 14:09:36,231 - INFO - [DEBUG] Dropped job in 'basildon, england, united kingdom' - not in target list
2026-06-10 14:09:36,231 - INFO - [DEBUG] Dropped job in 'basildon, england, united kingdom' - not in target list
2026-06-10 14:09:36,231 - INFO - [DEBUG] Dropped job in 'mississauga, ontario, canada' - not in target list
2026-06-10 14:09:36,231 - INFO - [DEBUG] Dropped job in 'ho chi minh city, vietnam' - not in target list
2026-06-10 14:09:36,232 - INFO - [DEBUG] Dropped job in 'mississauga, ontario, canada' - not in target list
2026-06-10 14:09:36,232 - INFO - [DEBUG] Dropped job in 'greece' - not in target list
2026-06-10 14:09:36,232 - INFO - [DEBUG] Dropped job in 'new york, ny' - not in target list
2026-06-10 14:09:36,232 - INFO - [DEBUG] Dropped job in 'mataró, catalonia, spain' - not in target list
2026-06-10 14:09:36,232 - INFO - [DEBUG] Dropped job in 'italy' - not in target list
2026-06-10 14:09:36,232 - INFO -  [OK] LinkedIn: 33 fetched → 23 new & recent (filtered: 10)
2026-06-10 14:09:48,518 - INFO -  [OK] Naukri: 81 fetched → 2 new & recent (filtered: 79)
2026-06-10 14:09:49,019 - INFO -  [OK] Remotive: 2 fetched → 0 new & recent (filtered: 2)
2026-06-10 14:09:50,407 - INFO -  [OK] WeWorkRemotely: 2 fetched → 0 new & recent (filtered: 2)
2026-06-10 14:09:51,114 - INFO -  [OK] RemoteOK: 0 fetched → 0 new & recent (filtered: 0)
2026-06-10 14:09:58,113 - INFO -   [Sent] Sent 3 new jobs for 'angular developer'
2026-06-10 14:09:59,792 - INFO -   [OK] Pushed 'sent_jobs.json' to GitHub.
2026-06-10 14:10:00,873 - INFO -   [OK] Pushed 'last_run.json' to GitHub.
2026-06-10 14:10:00,875 - INFO - 
[Search] [vue.js developer] - ['Hyderabad', 'Bangalore', 'Chennai', 'Pune', 'Remote']
2026-06-10 14:10:02,304 - INFO -     [200] https://www.linkedin.com/jobs-guest/jobs/api/seeMoreJobPostings/search?keywords=vue.js%20d
2026-06-10 14:10:03,829 - INFO -     [200] https://www.linkedin.com/jobs-guest/jobs/api/seeMoreJobPostings/search?keywords=vue.js%20d
2026-06-10 14:10:05,199 - INFO -     [200] https://www.linkedin.com/jobs-guest/jobs/api/seeMoreJobPostings/search?keywords=vue.js%20d
2026-06-10 14:10:06,114 - INFO -     [200] https://www.linkedin.com/jobs-guest/jobs/api/seeMoreJobPostings/search?keywords=vue.js%20d
2026-06-10 14:10:07,433 - INFO -     [429] https://www.linkedin.com/jobs-guest/jobs/api/seeMoreJobPostings/search?keywords=vue.js%20d
2026-06-10 14:10:07,636 - INFO -  [OK] LinkedIn: 23 fetched → 23 new & recent (filtered: 0)
2026-06-10 14:10:18,829 - INFO -  [OK] Naukri: 76 fetched → 7 new & recent (filtered: 69)
2026-06-10 14:10:19,330 - INFO -  [OK] Remotive: 2 fetched → 0 new & recent (filtered: 2)
2026-06-10 14:10:20,698 - INFO -  [OK] WeWorkRemotely: 2 fetched → 0 new & recent (filtered: 2)
2026-06-10 14:10:21,314 - INFO -  [OK] RemoteOK: 0 fetched → 0 new & recent (filtered: 0)
2026-06-10 14:10:23,942 - INFO -   [Sent] Sent 1 new jobs for 'vue.js developer'
2026-06-10 14:10:25,767 - INFO -   [OK] Pushed 'sent_jobs.json' to GitHub.
2026-06-10 14:10:26,941 - INFO -   [OK] Pushed 'last_run.json' to GitHub.
2026-06-10 14:10:26,943 - INFO - 
[Search] [typescript developer] - ['Hyderabad', 'Bangalore', 'Chennai', 'Pune', 'Remote']
2026-06-10 14:10:28,382 - INFO -     [200] https://www.linkedin.com/jobs-guest/jobs/api/seeMoreJobPostings/search?keywords=typescript
2026-06-10 14:10:29,907 - INFO -     [200] https://www.linkedin.com/jobs-guest/jobs/api/seeMoreJobPostings/search?keywords=typescript
2026-06-10 14:10:31,747 - INFO -     [200] https://www.linkedin.com/jobs-guest/jobs/api/seeMoreJobPostings/search?keywords=typescript
2026-06-10 14:10:33,282 - INFO -     [200] https://www.linkedin.com/jobs-guest/jobs/api/seeMoreJobPostings/search?keywords=typescript
2026-06-10 14:10:34,909 - INFO -     [200] https://www.linkedin.com/jobs-guest/jobs/api/seeMoreJobPostings/search?keywords=typescript
2026-06-10 14:10:35,120 - INFO - [DEBUG] Dropped job in 'brazil' - not in target list
2026-06-10 14:10:35,120 - INFO - [DEBUG] Dropped job in 'türkiye' - not in target list
2026-06-10 14:10:35,120 - INFO - [DEBUG] Dropped job in 'latin america' - not in target list
2026-06-10 14:10:35,120 - INFO - [DEBUG] Dropped job in 'colombia' - not in target list
2026-06-10 14:10:35,120 - INFO - [DEBUG] Dropped job in 'mexico city, mexico' - not in target list
2026-06-10 14:10:35,120 - INFO - [DEBUG] Dropped job in 'warsaw, mazowieckie, poland' - not in target list
2026-06-10 14:10:35,120 - INFO - [DEBUG] Dropped job in 'cracow metropolitan area' - not in target list
2026-06-10 14:10:35,120 - INFO - [DEBUG] Dropped job in 'lisboa, lisbon, portugal' - not in target list
2026-06-10 14:10:35,120 - INFO - [DEBUG] Dropped job in 'kyiv, kyiv city, ukraine' - not in target list
2026-06-10 14:10:35,120 - INFO - [DEBUG] Dropped job in 'madison, wi' - not in target list
2026-06-10 14:10:35,121 - INFO -  [OK] LinkedIn: 28 fetched → 18 new & recent (filtered: 10)
2026-06-10 14:10:46,664 - INFO -  [OK] Naukri: 81 fetched → 20 new & recent (filtered: 61)
2026-06-10 14:10:47,164 - INFO -  [OK] Remotive: 12 fetched → 0 new & recent (filtered: 12)
2026-06-10 14:10:48,404 - INFO -  [OK] WeWorkRemotely: 2 fetched → 0 new & recent (filtered: 2)
2026-06-10 14:10:49,015 - INFO -  [OK] RemoteOK: 0 fetched → 0 new & recent (filtered: 0)
2026-06-10 14:10:55,844 - INFO -   [Sent] Sent 3 new jobs for 'typescript developer'
2026-06-10 14:10:57,554 - INFO -   [OK] Pushed 'sent_jobs.json' to GitHub.
2026-06-10 14:10:58,577 - INFO -   [OK] Pushed 'last_run.json' to GitHub.
2026-06-10 14:10:59,580 - INFO - 
--------------------------------------------------
2026-06-10 14:10:59,580 - INFO - [Category] Category: DEVOPS | Elapsed: 6.4 min
2026-06-10 14:10:59,580 - INFO - --------------------------------------------------
2026-06-10 14:10:59,580 - INFO - 
[Search] [devops engineer] - ['Hyderabad', 'Bangalore', 'Chennai', 'Pune', 'Remote']
2026-06-10 14:11:00,971 - INFO -     [200] https://www.linkedin.com/jobs-guest/jobs/api/seeMoreJobPostings/search?keywords=devops%20e
2026-06-10 14:11:02,892 - INFO -     [200] https://www.linkedin.com/jobs-guest/jobs/api/seeMoreJobPostings/search?keywords=devops%20e
2026-06-10 14:11:04,588 - INFO -     [200] https://www.linkedin.com/jobs-guest/jobs/api/seeMoreJobPostings/search?keywords=devops%20e
2026-06-10 14:11:06,357 - INFO -     [200] https://www.linkedin.com/jobs-guest/jobs/api/seeMoreJobPostings/search?keywords=devops%20e
2026-06-10 14:11:07,818 - INFO -     [200] https://www.linkedin.com/jobs-guest/jobs/api/seeMoreJobPostings/search?keywords=devops%20e
2026-06-10 14:11:08,032 - INFO - [DEBUG] Dropped job in 'phoenix, az' - not in target list
2026-06-10 14:11:08,032 - INFO - [DEBUG] Dropped job in 'omaha, ne' - not in target list
2026-06-10 14:11:08,032 - INFO - [DEBUG] Dropped job in 'washington dc-baltimore area' - not in target list
2026-06-10 14:11:08,032 - INFO - [DEBUG] Dropped job in 'dallas-fort worth metroplex' - not in target list
2026-06-10 14:11:08,032 - INFO - [DEBUG] Dropped job in 'bucharest, romania' - not in target list
2026-06-10 14:11:08,032 - INFO - [DEBUG] Dropped job in 'tallahassee, fl' - not in target list
2026-06-10 14:11:08,032 - INFO - [DEBUG] Dropped job in 'colorado springs, co' - not in target list
2026-06-10 14:11:08,032 - INFO - [DEBUG] Dropped job in 'usa, kochi, japan' - not in target list
2026-06-10 14:11:08,032 - INFO - [DEBUG] Dropped job in 'united states' - not in target list
2026-06-10 14:11:08,032 - INFO -  [OK] LinkedIn: 47 fetched → 38 new & recent (filtered: 9)
2026-06-10 14:11:20,176 - INFO -  [OK] Naukri: 90 fetched → 3 new & recent (filtered: 87)
2026-06-10 14:11:20,677 - INFO -  [OK] Remotive: 13 fetched → 0 new & recent (filtered: 13)
2026-06-10 14:11:22,099 - INFO -  [OK] WeWorkRemotely: 13 fetched → 0 new & recent (filtered: 13)
2026-06-10 14:11:22,801 - INFO -  [OK] RemoteOK: 0 fetched → 0 new & recent (filtered: 0)
2026-06-10 14:11:46,522 - INFO -   [Sent] Sent 11 new jobs for 'devops engineer'
2026-06-10 14:11:48,124 - INFO -   [OK] Pushed 'sent_jobs.json' to GitHub.
2026-06-10 14:11:49,453 - INFO -   [OK] Pushed 'last_run.json' to GitHub.
2026-06-10 14:11:49,455 - INFO - 
[Search] [cloud engineer] - ['Hyderabad', 'Bangalore', 'Chennai', 'Pune', 'Remote']
2026-06-10 14:11:51,160 - INFO -     [200] https://www.linkedin.com/jobs-guest/jobs/api/seeMoreJobPostings/search?keywords=cloud%20en
2026-06-10 14:11:52,772 - INFO -     [200] https://www.linkedin.com/jobs-guest/jobs/api/seeMoreJobPostings/search?keywords=cloud%20en
2026-06-10 14:11:54,270 - INFO -     [200] https://www.linkedin.com/jobs-guest/jobs/api/seeMoreJobPostings/search?keywords=cloud%20en
2026-06-10 14:11:55,766 - INFO -     [200] https://www.linkedin.com/jobs-guest/jobs/api/seeMoreJobPostings/search?keywords=cloud%20en
2026-06-10 14:11:57,330 - INFO -     [200] https://www.linkedin.com/jobs-guest/jobs/api/seeMoreJobPostings/search?keywords=cloud%20en
2026-06-10 14:11:57,605 - INFO - [DEBUG] Dropped job in 'phoenix, az' - not in target list
2026-06-10 14:11:57,605 - INFO - [DEBUG] Dropped job in 'omaha, ne' - not in target list
2026-06-10 14:11:57,605 - INFO - [DEBUG] Dropped job in 'chandler, az' - not in target list
2026-06-10 14:11:57,605 - INFO - [DEBUG] Dropped job in 'new york, ny' - not in target list
2026-06-10 14:11:57,606 - INFO - [DEBUG] Dropped job in 'nashville metropolitan area' - not in target list
2026-06-10 14:11:57,606 - INFO - [DEBUG] Dropped job in 'westlake, oh' - not in target list
2026-06-10 14:11:57,606 - INFO - [DEBUG] Dropped job in 'washington dc-baltimore area' - not in target list
2026-06-10 14:11:57,606 - INFO - [DEBUG] Dropped job in 'amsterdam, north holland, netherlands' - not in target list
2026-06-10 14:11:57,606 - INFO - [DEBUG] Dropped job in 'dallas-fort worth metroplex' - not in target list
2026-06-10 14:11:57,606 - INFO - [DEBUG] Dropped job in 'tallahassee, fl' - not in target list
2026-06-10 14:11:57,606 - INFO -  [OK] LinkedIn: 50 fetched → 40 new & recent (filtered: 10)
2026-06-10 14:12:10,883 - INFO -  [OK] Naukri: 88 fetched → 4 new & recent (filtered: 84)
2026-06-10 14:12:11,383 - INFO -  [OK] Remotive: 13 fetched → 0 new & recent (filtered: 13)
2026-06-10 14:12:12,803 - INFO -  [OK] WeWorkRemotely: 13 fetched → 0 new & recent (filtered: 13)
2026-06-10 14:12:13,502 - INFO -  [OK] RemoteOK: 0 fetched → 0 new & recent (filtered: 0)
2026-06-10 14:12:24,523 - INFO -   [Sent] Sent 5 new jobs for 'cloud engineer'
2026-06-10 14:12:26,454 - INFO -   [OK] Pushed 'sent_jobs.json' to GitHub.
2026-06-10 14:12:27,519 - INFO -   [OK] Pushed 'last_run.json' to GitHub.
2026-06-10 14:12:27,520 - INFO - 
[Search] [site reliability engineer] - ['Hyderabad', 'Bangalore', 'Chennai', 'Pune', 'Remote']
2026-06-10 14:12:29,042 - INFO -     [200] https://www.linkedin.com/jobs-guest/jobs/api/seeMoreJobPostings/search?keywords=site%20rel
2026-06-10 14:12:30,806 - INFO -     [200] https://www.linkedin.com/jobs-guest/jobs/api/seeMoreJobPostings/search?keywords=site%20rel
2026-06-10 14:12:32,666 - INFO -     [200] https://www.linkedin.com/jobs-guest/jobs/api/seeMoreJobPostings/search?keywords=site%20rel
2026-06-10 14:12:34,356 - INFO -     [200] https://www.linkedin.com/jobs-guest/jobs/api/seeMoreJobPostings/search?keywords=site%20rel
2026-06-10 14:12:36,421 - INFO -     [200] https://www.linkedin.com/jobs-guest/jobs/api/seeMoreJobPostings/search?keywords=site%20rel
2026-06-10 14:12:36,632 - INFO - [DEBUG] Dropped job in 'halifax, nova scotia, canada' - not in target list
2026-06-10 14:12:36,632 - INFO - [DEBUG] Dropped job in 'cambridge, england, united kingdom' - not in target list
2026-06-10 14:12:36,632 - INFO - [DEBUG] Dropped job in 'singapore, singapore' - not in target list
2026-06-10 14:12:36,632 - INFO - [DEBUG] Dropped job in 'chicago, il' - not in target list
2026-06-10 14:12:36,633 - INFO - [DEBUG] Dropped job in 'san francisco, ca' - not in target list
2026-06-10 14:12:36,633 - INFO - [DEBUG] Dropped job in 'bethpage, ny' - not in target list
2026-06-10 14:12:36,633 - INFO - [DEBUG] Dropped job in 'chandler, az' - not in target list
2026-06-10 14:12:36,633 - INFO - [DEBUG] Dropped job in 'berlin, germany' - not in target list
2026-06-10 14:12:36,633 - INFO - [DEBUG] Dropped job in 'toronto, ontario, canada' - not in target list
2026-06-10 14:12:36,633 - INFO - [DEBUG] Dropped job in 'greenville, sc' - not in target list
2026-06-10 14:12:36,633 - INFO -  [OK] LinkedIn: 50 fetched → 40 new & recent (filtered: 10)
2026-06-10 14:12:49,345 - INFO -  [OK] Naukri: 85 fetched → 7 new & recent (filtered: 78)
2026-06-10 14:12:49,846 - INFO -  [OK] Remotive: 13 fetched → 0 new & recent (filtered: 13)
2026-06-10 14:12:51,297 - INFO -  [OK] WeWorkRemotely: 14 fetched → 0 new & recent (filtered: 14)
2026-06-10 14:12:52,008 - INFO -  [OK] RemoteOK: 0 fetched → 0 new & recent (filtered: 0)
2026-06-10 14:13:09,360 - INFO -   [Sent] Sent 8 new jobs for 'site reliability engineer'
2026-06-10 14:13:10,896 - INFO -   [OK] Pushed 'sent_jobs.json' to GitHub.
2026-06-10 14:13:12,341 - INFO -   [OK] Pushed 'last_run.json' to GitHub.
2026-06-10 14:13:12,343 - INFO - 
[Search] [platform engineer] - ['Hyderabad', 'Bangalore', 'Chennai', 'Pune', 'Remote']
2026-06-10 14:13:13,925 - INFO -     [200] https://www.linkedin.com/jobs-guest/jobs/api/seeMoreJobPostings/search?keywords=platform%2
2026-06-10 14:13:15,457 - INFO -     [200] https://www.linkedin.com/jobs-guest/jobs/api/seeMoreJobPostings/search?keywords=platform%2
2026-06-10 14:13:17,220 - INFO -     [200] https://www.linkedin.com/jobs-guest/jobs/api/seeMoreJobPostings/search?keywords=platform%2
2026-06-10 14:13:18,815 - INFO -     [200] https://www.linkedin.com/jobs-guest/jobs/api/seeMoreJobPostings/search?keywords=platform%2
2026-06-10 14:13:20,591 - INFO -     [200] https://www.linkedin.com/jobs-guest/jobs/api/seeMoreJobPostings/search?keywords=platform%2
2026-06-10 14:13:20,802 - INFO - [DEBUG] Dropped job in 'phoenix, az' - not in target list
2026-06-10 14:13:20,802 - INFO - [DEBUG] Dropped job in 'omaha, ne' - not in target list
2026-06-10 14:13:20,802 - INFO - [DEBUG] Dropped job in 'poughkeepsie, ny' - not in target list
2026-06-10 14:13:20,802 - INFO - [DEBUG] Dropped job in 'amsterdam, north holland, netherlands' - not in target list
2026-06-10 14:13:20,802 - INFO - [DEBUG] Dropped job in 'chandler, az' - not in target list
2026-06-10 14:13:20,802 - INFO - [DEBUG] Dropped job in 'usa, kochi, japan' - not in target list
2026-06-10 14:13:20,803 - INFO - [DEBUG] Dropped job in 'united states' - not in target list
2026-06-10 14:13:20,803 - INFO - [DEBUG] Dropped job in 'london area, united kingdom' - not in target list
2026-06-10 14:13:20,803 - INFO - [DEBUG] Dropped job in 'india' - not in target list
2026-06-10 14:13:20,803 - INFO -  [OK] LinkedIn: 47 fetched → 38 new & recent (filtered: 9)
2026-06-10 14:13:33,194 - INFO -  [OK] Naukri: 93 fetched → 9 new & recent (filtered: 84)
2026-06-10 14:13:33,694 - INFO -  [OK] Remotive: 13 fetched → 0 new & recent (filtered: 13)
2026-06-10 14:13:35,096 - INFO -  [OK] WeWorkRemotely: 16 fetched → 0 new & recent (filtered: 16)
2026-06-10 14:13:35,713 - INFO -  [OK] RemoteOK: 0 fetched → 0 new & recent (filtered: 0)
2026-06-10 14:13:40,407 - INFO -   [Sent] Sent 2 new jobs for 'platform engineer'
2026-06-10 14:13:42,029 - INFO -   [OK] Pushed 'sent_jobs.json' to GitHub.
2026-06-10 14:13:43,210 - INFO -   [OK] Pushed 'last_run.json' to GitHub.
2026-06-10 14:13:43,213 - INFO - 
[Search] [kubernetes engineer] - ['Hyderabad', 'Bangalore', 'Chennai', 'Pune', 'Remote']
2026-06-10 14:13:44,659 - INFO -     [200] https://www.linkedin.com/jobs-guest/jobs/api/seeMoreJobPostings/search?keywords=kubernetes
2026-06-10 14:13:46,237 - INFO -     [200] https://www.linkedin.com/jobs-guest/jobs/api/seeMoreJobPostings/search?keywords=kubernetes
2026-06-10 14:13:47,887 - INFO -     [200] https://www.linkedin.com/jobs-guest/jobs/api/seeMoreJobPostings/search?keywords=kubernetes
2026-06-10 14:13:49,724 - INFO -     [200] https://www.linkedin.com/jobs-guest/jobs/api/seeMoreJobPostings/search?keywords=kubernetes
2026-06-10 14:13:51,490 - INFO -     [200] https://www.linkedin.com/jobs-guest/jobs/api/seeMoreJobPostings/search?keywords=kubernetes
2026-06-10 14:13:51,705 - INFO - [DEBUG] Dropped job in 'london area, united kingdom' - not in target list
2026-06-10 14:13:51,706 - INFO - [DEBUG] Dropped job in 'singapore, singapore' - not in target list
2026-06-10 14:13:51,706 - INFO - [DEBUG] Dropped job in 'london area, united kingdom' - not in target list
2026-06-10 14:13:51,706 - INFO - [DEBUG] Dropped job in 'united states' - not in target list
2026-06-10 14:13:51,706 - INFO - [DEBUG] Dropped job in 'chandler, az' - not in target list
2026-06-10 14:13:51,706 - INFO - [DEBUG] Dropped job in 'frisco, tx' - not in target list
2026-06-10 14:13:51,706 - INFO - [DEBUG] Dropped job in 'oxford, england, united kingdom' - not in target list
2026-06-10 14:13:51,706 - INFO - [DEBUG] Dropped job in 'chandler, az' - not in target list
2026-06-10 14:13:51,706 - INFO - [DEBUG] Dropped job in 'sharjah, sharjah emirate, united arab emirates' - not in target list
2026-06-10 14:13:51,707 - INFO - [DEBUG] Dropped job in 'central & western district, hong kong sar' - not in target list
2026-06-10 14:13:51,707 - INFO -  [OK] LinkedIn: 48 fetched → 38 new & recent (filtered: 10)
2026-06-10 14:14:02,559 - INFO -  [OK] Naukri: 68 fetched → 3 new & recent (filtered: 65)
2026-06-10 14:14:03,060 - INFO -  [OK] Remotive: 13 fetched → 0 new & recent (filtered: 13)
2026-06-10 14:14:04,407 - INFO -  [OK] WeWorkRemotely: 13 fetched → 0 new & recent (filtered: 13)
2026-06-10 14:14:05,018 - INFO -  [OK] RemoteOK: 0 fetched → 0 new & recent (filtered: 0)
2026-06-10 14:14:24,631 - INFO -   [Sent] Sent 9 new jobs for 'kubernetes engineer'
2026-06-10 14:14:26,357 - INFO -   [OK] Pushed 'sent_jobs.json' to GitHub.
2026-06-10 14:14:27,323 - INFO -   [OK] Pushed 'last_run.json' to GitHub.
2026-06-10 14:14:29,880 - INFO -   [OK] Pushed 'sent_jobs.json' to GitHub.
2026-06-10 14:14:31,251 - INFO -   [OK] Pushed 'last_run.json' to GitHub.
2026-06-10 14:14:31,253 - INFO - 
==================================================
2026-06-10 14:14:31,253 - INFO - [OK] Run complete. Total new jobs sent: 78
2026-06-10 14:14:31,253 - INFO - ==================================================
============================================================
[RUN END] exit code: 0
============================================================
2026-06-10 14:34:27,429 - INFO - [startup] Pulled 3000 log lines from GitHub.
============================================================
[RUN START] 2026-06-10 14:34:32 UTC
============================================================
2026-06-10 14:34:33,679 - INFO - [OK] Config OK - 3 active categories, 16 keywords total
2026-06-10 14:34:34,077 - INFO - 
============================================================
2026-06-10 14:34:34,077 - INFO - [STARTUP] ENV VAR CHECK
2026-06-10 14:34:34,077 - INFO - ============================================================
2026-06-10 14:34:34,077 - INFO -   [OK]     SST_BOT_TOKEN = ***wE1Y
2026-06-10 14:34:34,077 - INFO -   [OK]     SST_BACKEND_JOBS_CHAT_ID = ***1312
2026-06-10 14:34:34,078 - INFO -   [OK]     SST_FRONTEND_JOBS_CHAT_ID = ***8207
2026-06-10 14:34:34,078 - INFO -   [OK]     SST_DEVOPS_JOBS_CHAT_ID = ***1587
2026-06-10 14:34:34,078 - INFO -   [OK]     GITHUB_TOKEN = ***IB17
2026-06-10 14:34:34,078 - INFO -   [OK]     GITHUB_REPO = ***-bot
2026-06-10 14:34:34,078 - INFO -   [OK]     SCRAPER_API_KEY = ***nK5Z
2026-06-10 14:34:34,078 - INFO - ============================================================
2026-06-10 14:34:34,507 - INFO - [OK] Successfully pulled sent_jobs.json from GitHub.
2026-06-10 14:34:34,816 - INFO - [OK] Successfully pulled last_run.json from GitHub.
2026-06-10 14:34:34,819 - INFO - 
[Time] Last run: 2026-06-10 19:44:29.882749+05:30
2026-06-10 14:34:34,820 - INFO - [State] Already sent: 5000 job IDs
2026-06-10 14:34:34,820 - INFO - 
--------------------------------------------------
2026-06-10 14:34:34,820 - INFO - [Category] Category: BACKEND | Elapsed: 0.0 min
2026-06-10 14:34:34,820 - INFO - --------------------------------------------------
2026-06-10 14:34:34,820 - INFO - 
[Search] [python developer] - ['Hyderabad', 'Bangalore', 'Chennai', 'Pune', 'Remote']
2026-06-10 14:34:36,309 - INFO -     [200] https://www.linkedin.com/jobs-guest/jobs/api/seeMoreJobPostings/search?keywords=python%20d
2026-06-10 14:34:39,285 - INFO -     [200] https://www.linkedin.com/jobs-guest/jobs/api/seeMoreJobPostings/search?keywords=python%20d
2026-06-10 14:34:40,865 - INFO -     [200] https://www.linkedin.com/jobs-guest/jobs/api/seeMoreJobPostings/search?keywords=python%20d
2026-06-10 14:34:42,490 - INFO -     [200] https://www.linkedin.com/jobs-guest/jobs/api/seeMoreJobPostings/search?keywords=python%20d
2026-06-10 14:34:44,291 - INFO -     [200] https://www.linkedin.com/jobs-guest/jobs/api/seeMoreJobPostings/search?keywords=python%20d
2026-06-10 14:34:44,502 - INFO - [DEBUG] Dropped job in 'united states' - not in target list
2026-06-10 14:34:44,502 - INFO - [DEBUG] Dropped job in 'mississauga, ontario, canada' - not in target list
2026-06-10 14:34:44,502 - INFO - [DEBUG] Dropped job in 'columbus, oh' - not in target list
2026-06-10 14:34:44,502 - INFO - [DEBUG] Dropped job in 'reading, england, united kingdom' - not in target list
2026-06-10 14:34:44,502 - INFO - [DEBUG] Dropped job in 'london, england, united kingdom' - not in target list
2026-06-10 14:34:44,502 - INFO - [DEBUG] Dropped job in 'amersfoort, utrecht, netherlands' - not in target list
2026-06-10 14:34:44,503 - INFO - [DEBUG] Dropped job in 'montreal, quebec, canada' - not in target list
2026-06-10 14:34:44,503 - INFO -  [OK] LinkedIn: 43 fetched → 36 new & recent (filtered: 7)
2026-06-10 14:34:57,031 - INFO -  [OK] Naukri: 80 fetched → 23 new & recent (filtered: 57)
2026-06-10 14:34:57,609 - INFO -     [Remotive] Cached 28 total jobs
2026-06-10 14:34:57,675 - INFO -  [OK] Remotive: 2 fetched → 0 new & recent (filtered: 2)
2026-06-10 14:34:58,989 - INFO -  [OK] WeWorkRemotely: 3 fetched → 0 new & recent (filtered: 3)
2026-06-10 14:34:59,595 - INFO -  [OK] RemoteOK: 0 fetched → 0 new & recent (filtered: 0)
2026-06-10 14:35:23,217 - INFO -   [Sent] Sent 11 new jobs for 'python developer'
2026-06-10 14:35:24,769 - INFO -   [OK] Pushed 'sent_jobs.json' to GitHub.
2026-06-10 14:35:25,996 - INFO -   [OK] Pushed 'last_run.json' to GitHub.
2026-06-10 14:35:25,998 - INFO - 
[Search] [java developer] - ['Hyderabad', 'Bangalore', 'Chennai', 'Pune', 'Remote']
2026-06-10 14:35:27,829 - INFO -     [200] https://www.linkedin.com/jobs-guest/jobs/api/seeMoreJobPostings/search?keywords=java%20dev
2026-06-10 14:35:29,405 - INFO -     [200] https://www.linkedin.com/jobs-guest/jobs/api/seeMoreJobPostings/search?keywords=java%20dev
2026-06-10 14:35:30,977 - INFO -     [200] https://www.linkedin.com/jobs-guest/jobs/api/seeMoreJobPostings/search?keywords=java%20dev
2026-06-10 14:35:32,756 - INFO -     [200] https://www.linkedin.com/jobs-guest/jobs/api/seeMoreJobPostings/search?keywords=java%20dev
2026-06-10 14:35:34,255 - INFO -     [200] https://www.linkedin.com/jobs-guest/jobs/api/seeMoreJobPostings/search?keywords=java%20dev
2026-06-10 14:35:34,467 - INFO - [DEBUG] Dropped job in 'london, england, united kingdom' - not in target list
2026-06-10 14:35:34,467 - INFO - [DEBUG] Dropped job in 'trivandrum, kerala, india' - not in target list
2026-06-10 14:35:34,467 - INFO - [DEBUG] Dropped job in 'bratislava, slovakia' - not in target list
2026-06-10 14:35:34,467 - INFO - [DEBUG] Dropped job in 'olathe, ks' - not in target list
2026-06-10 14:35:34,467 - INFO - [DEBUG] Dropped job in 'new york, united states' - not in target list
2026-06-10 14:35:34,467 - INFO - [DEBUG] Dropped job in 'dearborn, mi' - not in target list
2026-06-10 14:35:34,468 - INFO - [DEBUG] Dropped job in 'nicosia, nicosia, cyprus' - not in target list
2026-06-10 14:35:34,468 - INFO -  [OK] LinkedIn: 48 fetched → 41 new & recent (filtered: 7)
2026-06-10 14:35:46,279 - INFO -  [OK] Naukri: 65 fetched → 17 new & recent (filtered: 48)
2026-06-10 14:35:46,779 - INFO -  [OK] Remotive: 3 fetched → 0 new & recent (filtered: 3)
2026-06-10 14:35:48,185 - INFO -  [OK] WeWorkRemotely: 2 fetched → 0 new & recent (filtered: 2)
2026-06-10 14:35:48,875 - INFO -  [OK] RemoteOK: 0 fetched → 0 new & recent (filtered: 0)
2026-06-10 14:35:53,621 - INFO -   [Sent] Sent 2 new jobs for 'java developer'
2026-06-10 14:35:55,256 - INFO -   [OK] Pushed 'sent_jobs.json' to GitHub.
2026-06-10 14:35:56,873 - INFO -   [OK] Pushed 'last_run.json' to GitHub.
2026-06-10 14:35:56,875 - INFO - 
[Search] [node.js developer] - ['Hyderabad', 'Bangalore', 'Chennai', 'Pune', 'Remote']
2026-06-10 14:35:58,119 - INFO -     [200] https://www.linkedin.com/jobs-guest/jobs/api/seeMoreJobPostings/search?keywords=node.js%20
2026-06-10 14:35:59,499 - INFO -     [200] https://www.linkedin.com/jobs-guest/jobs/api/seeMoreJobPostings/search?keywords=node.js%20
2026-06-10 14:36:01,016 - INFO -     [200] https://www.linkedin.com/jobs-guest/jobs/api/seeMoreJobPostings/search?keywords=node.js%20
2026-06-10 14:36:02,549 - INFO -     [200] https://www.linkedin.com/jobs-guest/jobs/api/seeMoreJobPostings/search?keywords=node.js%20
2026-06-10 14:36:03,842 - INFO -     [429] https://www.linkedin.com/jobs-guest/jobs/api/seeMoreJobPostings/search?keywords=node.js%20
2026-06-10 14:36:04,045 - INFO -  [OK] LinkedIn: 30 fetched → 30 new & recent (filtered: 0)
2026-06-10 14:36:15,854 - INFO -  [OK] Naukri: 76 fetched → 4 new & recent (filtered: 72)
2026-06-10 14:36:16,355 - INFO -  [OK] Remotive: 2 fetched → 0 new & recent (filtered: 2)
2026-06-10 14:36:17,486 - INFO -  [OK] WeWorkRemotely: 2 fetched → 0 new & recent (filtered: 2)
2026-06-10 14:36:18,098 - INFO -  [OK] RemoteOK: 0 fetched → 0 new & recent (filtered: 0)
2026-06-10 14:36:18,599 - INFO -   [Sent] Sent 0 new jobs for 'node.js developer'
2026-06-10 14:36:18,599 - INFO - 
[Search] [backend developer] - ['Hyderabad', 'Bangalore', 'Chennai', 'Pune', 'Remote']
2026-06-10 14:36:19,945 - INFO -     [200] https://www.linkedin.com/jobs-guest/jobs/api/seeMoreJobPostings/search?keywords=backend%20
2026-06-10 14:36:21,392 - INFO -     [200] https://www.linkedin.com/jobs-guest/jobs/api/seeMoreJobPostings/search?keywords=backend%20
2026-06-10 14:36:23,229 - INFO -     [200] https://www.linkedin.com/jobs-guest/jobs/api/seeMoreJobPostings/search?keywords=backend%20
2026-06-10 14:36:24,830 - INFO -     [200] https://www.linkedin.com/jobs-guest/jobs/api/seeMoreJobPostings/search?keywords=backend%20
2026-06-10 14:36:26,340 - INFO -     [200] https://www.linkedin.com/jobs-guest/jobs/api/seeMoreJobPostings/search?keywords=backend%20
2026-06-10 14:36:26,551 - INFO - [DEBUG] Dropped job in 'singapore, singapore' - not in target list
2026-06-10 14:36:26,551 - INFO - [DEBUG] Dropped job in 'singapore, singapore' - not in target list
2026-06-10 14:36:26,551 - INFO - [DEBUG] Dropped job in 'los angeles, ca' - not in target list
2026-06-10 14:36:26,551 - INFO - [DEBUG] Dropped job in 'texas, united states' - not in target list
2026-06-10 14:36:26,551 - INFO - [DEBUG] Dropped job in 'qesm 1st 6 october, al jizah, egypt' - not in target list
2026-06-10 14:36:26,551 - INFO - [DEBUG] Dropped job in 'greater joão pessoa' - not in target list
2026-06-10 14:36:26,551 - INFO - [DEBUG] Dropped job in 'london area, united kingdom' - not in target list
2026-06-10 14:36:26,551 - INFO -  [OK] LinkedIn: 44 fetched → 37 new & recent (filtered: 7)
2026-06-10 14:36:39,280 - INFO -  [OK] Naukri: 91 fetched → 6 new & recent (filtered: 85)
2026-06-10 14:36:39,781 - INFO -  [OK] Remotive: 12 fetched → 0 new & recent (filtered: 12)
2026-06-10 14:36:41,184 - INFO -  [OK] WeWorkRemotely: 3 fetched → 0 new & recent (filtered: 3)
2026-06-10 14:36:41,800 - INFO -  [OK] RemoteOK: 0 fetched → 0 new & recent (filtered: 0)
2026-06-10 14:36:44,397 - INFO -   [Sent] Sent 1 new jobs for 'backend developer'
2026-06-10 14:36:45,986 - INFO -   [OK] Pushed 'sent_jobs.json' to GitHub.
2026-06-10 14:36:47,159 - INFO -   [OK] Pushed 'last_run.json' to GitHub.
2026-06-10 14:36:47,161 - INFO - 
[Search] [golang developer] - ['Hyderabad', 'Bangalore', 'Chennai', 'Pune', 'Remote']
2026-06-10 14:36:48,297 - INFO -     [200] https://www.linkedin.com/jobs-guest/jobs/api/seeMoreJobPostings/search?keywords=golang%20d
2026-06-10 14:36:49,816 - INFO -     [200] https://www.linkedin.com/jobs-guest/jobs/api/seeMoreJobPostings/search?keywords=golang%20d
2026-06-10 14:36:51,199 - INFO -     [200] https://www.linkedin.com/jobs-guest/jobs/api/seeMoreJobPostings/search?keywords=golang%20d
2026-06-10 14:36:52,963 - INFO -     [200] https://www.linkedin.com/jobs-guest/jobs/api/seeMoreJobPostings/search?keywords=golang%20d
2026-06-10 14:36:53,534 - INFO -     [429] https://www.linkedin.com/jobs-guest/jobs/api/seeMoreJobPostings/search?keywords=golang%20d
2026-06-10 14:36:53,737 - INFO -  [OK] LinkedIn: 22 fetched → 22 new & recent (filtered: 0)
2026-06-10 14:37:06,070 - INFO -  [OK] Naukri: 92 fetched → 7 new & recent (filtered: 85)
2026-06-10 14:37:06,571 - INFO -  [OK] Remotive: 2 fetched → 0 new & recent (filtered: 2)
2026-06-10 14:37:07,877 - INFO -  [OK] WeWorkRemotely: 2 fetched → 0 new & recent (filtered: 2)
2026-06-10 14:37:08,497 - INFO -  [OK] RemoteOK: 0 fetched → 0 new & recent (filtered: 0)
2026-06-10 14:37:13,221 - INFO -   [Sent] Sent 2 new jobs for 'golang developer'
2026-06-10 14:37:14,811 - INFO -   [OK] Pushed 'sent_jobs.json' to GitHub.
2026-06-10 14:37:15,987 - INFO -   [OK] Pushed 'last_run.json' to GitHub.
2026-06-10 14:37:15,989 - INFO - 
[Search] [rust developer] - ['Hyderabad', 'Bangalore', 'Chennai', 'Pune', 'Remote']
2026-06-10 14:37:17,476 - INFO -     [200] https://www.linkedin.com/jobs-guest/jobs/api/seeMoreJobPostings/search?keywords=rust%20dev
2026-06-10 14:37:19,160 - INFO -     [200] https://www.linkedin.com/jobs-guest/jobs/api/seeMoreJobPostings/search?keywords=rust%20dev
2026-06-10 14:37:20,787 - INFO -     [200] https://www.linkedin.com/jobs-guest/jobs/api/seeMoreJobPostings/search?keywords=rust%20dev
2026-06-10 14:37:22,556 - INFO -     [200] https://www.linkedin.com/jobs-guest/jobs/api/seeMoreJobPostings/search?keywords=rust%20dev
2026-06-10 14:37:24,147 - INFO -     [200] https://www.linkedin.com/jobs-guest/jobs/api/seeMoreJobPostings/search?keywords=rust%20dev
2026-06-10 14:37:24,375 - INFO - [DEBUG] Dropped job in 'colombia' - not in target list
2026-06-10 14:37:24,375 - INFO - [DEBUG] Dropped job in 'new york, ny' - not in target list
2026-06-10 14:37:24,375 - INFO - [DEBUG] Dropped job in 'oud-turnhout, flemish region, belgium' - not in target list
2026-06-10 14:37:24,375 - INFO - [DEBUG] Dropped job in 'united states' - not in target list
2026-06-10 14:37:24,375 - INFO - [DEBUG] Dropped job in 'denmark' - not in target list
2026-06-10 14:37:24,375 - INFO - [DEBUG] Dropped job in 'andaman and nicobar islands, india' - not in target list
2026-06-10 14:37:24,375 - INFO - [DEBUG] Dropped job in 'india' - not in target list
2026-06-10 14:37:24,375 - INFO -  [OK] LinkedIn: 25 fetched → 18 new & recent (filtered: 7)
2026-06-10 14:37:35,621 - INFO -  [OK] Naukri: 22 fetched → 2 new & recent (filtered: 20)
2026-06-10 14:37:36,121 - INFO -  [OK] Remotive: 2 fetched → 0 new & recent (filtered: 2)
2026-06-10 14:37:37,479 - INFO -  [OK] WeWorkRemotely: 2 fetched → 0 new & recent (filtered: 2)
2026-06-10 14:37:38,193 - INFO -  [OK] RemoteOK: 0 fetched → 0 new & recent (filtered: 0)
2026-06-10 14:37:49,208 - INFO -   [Sent] Sent 5 new jobs for 'rust developer'
2026-06-10 14:37:50,871 - INFO -   [OK] Pushed 'sent_jobs.json' to GitHub.
2026-06-10 14:37:51,913 - INFO -   [OK] Pushed 'last_run.json' to GitHub.
2026-06-10 14:37:52,915 - INFO - 
--------------------------------------------------
2026-06-10 14:37:52,916 - INFO - [Category] Category: FRONTEND | Elapsed: 3.3 min
2026-06-10 14:37:52,916 - INFO - --------------------------------------------------
2026-06-10 14:37:52,916 - INFO - 
[Search] [react developer] - ['Hyderabad', 'Bangalore', 'Chennai', 'Pune', 'Remote']
2026-06-10 14:37:54,248 - INFO -     [200] https://www.linkedin.com/jobs-guest/jobs/api/seeMoreJobPostings/search?keywords=react%20de
2026-06-10 14:37:55,682 - INFO -     [200] https://www.linkedin.com/jobs-guest/jobs/api/seeMoreJobPostings/search?keywords=react%20de
2026-06-10 14:37:57,351 - INFO -     [200] https://www.linkedin.com/jobs-guest/jobs/api/seeMoreJobPostings/search?keywords=react%20de
2026-06-10 14:37:58,811 - INFO -     [429] https://www.linkedin.com/jobs-guest/jobs/api/seeMoreJobPostings/search?keywords=react%20de
2026-06-10 14:37:59,872 - INFO -     [200] https://www.linkedin.com/jobs-guest/jobs/api/seeMoreJobPostings/search?keywords=react%20de
2026-06-10 14:38:00,081 - INFO - [DEBUG] Dropped job in 'tel aviv-yafo, tel aviv district, israel' - not in target list
2026-06-10 14:38:00,082 - INFO - [DEBUG] Dropped job in 'brazil' - not in target list
2026-06-10 14:38:00,082 - INFO - [DEBUG] Dropped job in 'türkiye' - not in target list
2026-06-10 14:38:00,082 - INFO - [DEBUG] Dropped job in 'united states' - not in target list
2026-06-10 14:38:00,082 - INFO - [DEBUG] Dropped job in 'latin america' - not in target list
2026-06-10 14:38:00,082 - INFO - [DEBUG] Dropped job in 'colombia' - not in target list
2026-06-10 14:38:00,082 - INFO - [DEBUG] Dropped job in 'united states' - not in target list
2026-06-10 14:38:00,082 - INFO - [DEBUG] Dropped job in 'lisbon, portugal' - not in target list
2026-06-10 14:38:00,082 - INFO - [DEBUG] Dropped job in 'argentina' - not in target list
2026-06-10 14:38:00,082 - INFO -  [OK] LinkedIn: 34 fetched → 25 new & recent (filtered: 9)
2026-06-10 14:38:12,263 - INFO -  [OK] Naukri: 81 fetched → 7 new & recent (filtered: 74)
2026-06-10 14:38:12,764 - INFO -  [OK] Remotive: 13 fetched → 0 new & recent (filtered: 13)
2026-06-10 14:38:14,079 - INFO -  [OK] WeWorkRemotely: 2 fetched → 0 new & recent (filtered: 2)
2026-06-10 14:38:14,701 - INFO -  [OK] RemoteOK: 0 fetched → 0 new & recent (filtered: 0)
2026-06-10 14:38:23,584 - INFO -   [Sent] Sent 4 new jobs for 'react developer'
2026-06-10 14:38:25,241 - INFO -   [OK] Pushed 'sent_jobs.json' to GitHub.
2026-06-10 14:38:26,345 - INFO -   [OK] Pushed 'last_run.json' to GitHub.
2026-06-10 14:38:26,347 - INFO - 
[Search] [frontend developer] - ['Hyderabad', 'Bangalore', 'Chennai', 'Pune', 'Remote']
2026-06-10 14:38:27,680 - INFO -     [200] https://www.linkedin.com/jobs-guest/jobs/api/seeMoreJobPostings/search?keywords=frontend%2
2026-06-10 14:38:29,291 - INFO -     [200] https://www.linkedin.com/jobs-guest/jobs/api/seeMoreJobPostings/search?keywords=frontend%2
2026-06-10 14:38:30,906 - INFO -     [200] https://www.linkedin.com/jobs-guest/jobs/api/seeMoreJobPostings/search?keywords=frontend%2
2026-06-10 14:38:32,278 - INFO -     [200] https://www.linkedin.com/jobs-guest/jobs/api/seeMoreJobPostings/search?keywords=frontend%2
2026-06-10 14:38:33,970 - INFO -     [200] https://www.linkedin.com/jobs-guest/jobs/api/seeMoreJobPostings/search?keywords=frontend%2
2026-06-10 14:38:34,389 - INFO - [DEBUG] Dropped job in 'tel aviv-yafo, tel aviv district, israel' - not in target list
2026-06-10 14:38:34,389 - INFO - [DEBUG] Dropped job in 'united states' - not in target list
2026-06-10 14:38:34,389 - INFO - [DEBUG] Dropped job in 'dubai, dubai, united arab emirates' - not in target list
2026-06-10 14:38:34,389 - INFO - [DEBUG] Dropped job in 'lisbon, portugal' - not in target list
2026-06-10 14:38:34,389 - INFO - [DEBUG] Dropped job in 'abu dhabi, abu dhabi emirate, united arab emirates' - not in target list
2026-06-10 14:38:34,389 - INFO - [DEBUG] Dropped job in 'madrid, community of madrid, spain' - not in target list
2026-06-10 14:38:34,389 - INFO - [DEBUG] Dropped job in 'united states' - not in target list
2026-06-10 14:38:34,389 - INFO - [DEBUG] Dropped job in 'united states' - not in target list
2026-06-10 14:38:34,389 - INFO -  [OK] LinkedIn: 18 fetched → 10 new & recent (filtered: 8)
2026-06-10 14:38:45,958 - INFO -  [OK] Naukri: 80 fetched → 2 new & recent (filtered: 78)
2026-06-10 14:38:46,459 - INFO -  [OK] Remotive: 13 fetched → 0 new & recent (filtered: 13)
2026-06-10 14:38:47,687 - INFO -  [OK] WeWorkRemotely: 3 fetched → 0 new & recent (filtered: 3)
2026-06-10 14:38:48,296 - INFO -  [OK] RemoteOK: 0 fetched → 0 new & recent (filtered: 0)
2026-06-10 14:38:48,797 - INFO -   [Sent] Sent 0 new jobs for 'frontend developer'
2026-06-10 14:38:48,797 - INFO - 
[Search] [angular developer] - ['Hyderabad', 'Bangalore', 'Chennai', 'Pune', 'Remote']
2026-06-10 14:38:50,097 - INFO -     [200] https://www.linkedin.com/jobs-guest/jobs/api/seeMoreJobPostings/search?keywords=angular%20
2026-06-10 14:38:52,026 - INFO -     [200] https://www.linkedin.com/jobs-guest/jobs/api/seeMoreJobPostings/search?keywords=angular%20
2026-06-10 14:38:53,418 - INFO -     [200] https://www.linkedin.com/jobs-guest/jobs/api/seeMoreJobPostings/search?keywords=angular%20
2026-06-10 14:38:55,158 - INFO -     [200] https://www.linkedin.com/jobs-guest/jobs/api/seeMoreJobPostings/search?keywords=angular%20
2026-06-10 14:38:56,598 - INFO -     [200] https://www.linkedin.com/jobs-guest/jobs/api/seeMoreJobPostings/search?keywords=angular%20
2026-06-10 14:38:56,809 - INFO - [DEBUG] Dropped job in 'plano, tx' - not in target list
2026-06-10 14:38:56,809 - INFO - [DEBUG] Dropped job in 'dallas-fort worth metroplex' - not in target list
2026-06-10 14:38:56,809 - INFO - [DEBUG] Dropped job in 'basildon, england, united kingdom' - not in target list
2026-06-10 14:38:56,809 - INFO - [DEBUG] Dropped job in 'basildon, england, united kingdom' - not in target list
2026-06-10 14:38:56,809 - INFO - [DEBUG] Dropped job in 'mississauga, ontario, canada' - not in target list
2026-06-10 14:38:56,809 - INFO - [DEBUG] Dropped job in 'brussels, brussels region, belgium' - not in target list
2026-06-10 14:38:56,809 - INFO - [DEBUG] Dropped job in 'ho chi minh city, vietnam' - not in target list
2026-06-10 14:38:56,809 - INFO - [DEBUG] Dropped job in 'mississauga, ontario, canada' - not in target list
2026-06-10 14:38:56,809 - INFO - [DEBUG] Dropped job in 'greece' - not in target list
2026-06-10 14:38:56,809 - INFO - [DEBUG] Dropped job in 'brussels, brussels region, belgium' - not in target list
2026-06-10 14:38:56,810 - INFO -  [OK] LinkedIn: 39 fetched → 29 new & recent (filtered: 10)
2026-06-10 14:39:09,877 - INFO -  [OK] Naukri: 81 fetched → 2 new & recent (filtered: 79)
2026-06-10 14:39:10,378 - INFO -  [OK] Remotive: 2 fetched → 0 new & recent (filtered: 2)
2026-06-10 14:39:11,885 - INFO -  [OK] WeWorkRemotely: 2 fetched → 0 new & recent (filtered: 2)
2026-06-10 14:39:12,498 - INFO -  [OK] RemoteOK: 0 fetched → 0 new & recent (filtered: 0)
2026-06-10 14:39:17,310 - INFO -   [Sent] Sent 2 new jobs for 'angular developer'
2026-06-10 14:39:18,945 - INFO -   [OK] Pushed 'sent_jobs.json' to GitHub.
2026-06-10 14:39:19,941 - INFO -   [OK] Pushed 'last_run.json' to GitHub.
2026-06-10 14:39:19,947 - INFO - 
[Search] [vue.js developer] - ['Hyderabad', 'Bangalore', 'Chennai', 'Pune', 'Remote']
2026-06-10 14:39:21,410 - INFO -     [200] https://www.linkedin.com/jobs-guest/jobs/api/seeMoreJobPostings/search?keywords=vue.js%20d
2026-06-10 14:39:23,325 - INFO -     [200] https://www.linkedin.com/jobs-guest/jobs/api/seeMoreJobPostings/search?keywords=vue.js%20d
2026-06-10 14:39:24,807 - INFO -     [200] https://www.linkedin.com/jobs-guest/jobs/api/seeMoreJobPostings/search?keywords=vue.js%20d
2026-06-10 14:39:26,240 - INFO -     [200] https://www.linkedin.com/jobs-guest/jobs/api/seeMoreJobPostings/search?keywords=vue.js%20d
2026-06-10 14:39:27,878 - INFO -     [200] https://www.linkedin.com/jobs-guest/jobs/api/seeMoreJobPostings/search?keywords=vue.js%20d
2026-06-10 14:39:28,176 - INFO - [DEBUG] Dropped job in 'kanpur, uttar pradesh, india' - not in target list
2026-06-10 14:39:28,176 - INFO - [DEBUG] Dropped job in 'zagreb, croatia' - not in target list
2026-06-10 14:39:28,176 - INFO - [DEBUG] Dropped job in 'karlsruhe, baden-württemberg, germany' - not in target list
2026-06-10 14:39:28,177 - INFO - [DEBUG] Dropped job in 'jaipur, rajasthan, india' - not in target list
2026-06-10 14:39:28,177 - INFO - [DEBUG] Dropped job in 'eindhoven area' - not in target list
2026-06-10 14:39:28,177 - INFO - [DEBUG] Dropped job in 'singapore, singapore' - not in target list
2026-06-10 14:39:28,177 - INFO - [DEBUG] Dropped job in 'melbourne, victoria, australia' - not in target list
2026-06-10 14:39:28,177 - INFO - [DEBUG] Dropped job in 'greater allahabad area' - not in target list
2026-06-10 14:39:28,177 - INFO -  [OK] LinkedIn: 23 fetched → 15 new & recent (filtered: 8)
2026-06-10 14:39:39,592 - INFO -  [OK] Naukri: 76 fetched → 7 new & recent (filtered: 69)
2026-06-10 14:39:40,093 - INFO -  [OK] Remotive: 2 fetched → 0 new & recent (filtered: 2)
2026-06-10 14:39:41,583 - INFO -  [OK] WeWorkRemotely: 2 fetched → 0 new & recent (filtered: 2)
2026-06-10 14:39:42,275 - INFO -  [OK] RemoteOK: 0 fetched → 0 new & recent (filtered: 0)
2026-06-10 14:39:44,942 - INFO -   [Sent] Sent 1 new jobs for 'vue.js developer'
2026-06-10 14:39:46,680 - INFO -   [OK] Pushed 'sent_jobs.json' to GitHub.
2026-06-10 14:39:47,695 - INFO -   [OK] Pushed 'last_run.json' to GitHub.
2026-06-10 14:39:47,698 - INFO - 
[Search] [typescript developer] - ['Hyderabad', 'Bangalore', 'Chennai', 'Pune', 'Remote']
2026-06-10 14:39:49,001 - INFO -     [200] https://www.linkedin.com/jobs-guest/jobs/api/seeMoreJobPostings/search?keywords=typescript
2026-06-10 14:39:50,362 - INFO -     [200] https://www.linkedin.com/jobs-guest/jobs/api/seeMoreJobPostings/search?keywords=typescript
2026-06-10 14:39:52,058 - INFO -     [200] https://www.linkedin.com/jobs-guest/jobs/api/seeMoreJobPostings/search?keywords=typescript
2026-06-10 14:39:53,846 - INFO -     [200] https://www.linkedin.com/jobs-guest/jobs/api/seeMoreJobPostings/search?keywords=typescript
2026-06-10 14:39:55,773 - INFO -     [200] https://www.linkedin.com/jobs-guest/jobs/api/seeMoreJobPostings/search?keywords=typescript
2026-06-10 14:39:55,987 - INFO - [DEBUG] Dropped job in 'brazil' - not in target list
2026-06-10 14:39:55,988 - INFO - [DEBUG] Dropped job in 'türkiye' - not in target list
2026-06-10 14:39:55,988 - INFO - [DEBUG] Dropped job in 'latin america' - not in target list
2026-06-10 14:39:55,988 - INFO - [DEBUG] Dropped job in 'argentina' - not in target list
2026-06-10 14:39:55,988 - INFO - [DEBUG] Dropped job in 'colombia' - not in target list
2026-06-10 14:39:55,988 - INFO - [DEBUG] Dropped job in 'mexico city, mexico' - not in target list
2026-06-10 14:39:55,988 - INFO - [DEBUG] Dropped job in 'warsaw, mazowieckie, poland' - not in target list
2026-06-10 14:39:55,988 - INFO - [DEBUG] Dropped job in 'lisboa, lisbon, portugal' - not in target list
2026-06-10 14:39:55,988 - INFO - [DEBUG] Dropped job in 'cracow metropolitan area' - not in target list
2026-06-10 14:39:55,989 - INFO - [DEBUG] Dropped job in 'kyiv, kyiv city, ukraine' - not in target list
2026-06-10 14:39:55,989 - INFO -  [OK] LinkedIn: 22 fetched → 12 new & recent (filtered: 10)
2026-06-10 14:40:07,816 - INFO -  [OK] Naukri: 81 fetched → 20 new & recent (filtered: 61)
2026-06-10 14:40:08,317 - INFO -  [OK] Remotive: 12 fetched → 0 new & recent (filtered: 12)
2026-06-10 14:40:09,784 - INFO -  [OK] WeWorkRemotely: 2 fetched → 0 new & recent (filtered: 2)
2026-06-10 14:40:10,491 - INFO -  [OK] RemoteOK: 0 fetched → 0 new & recent (filtered: 0)
2026-06-10 14:40:17,406 - INFO -   [Sent] Sent 3 new jobs for 'typescript developer'
2026-06-10 14:40:19,111 - INFO -   [OK] Pushed 'sent_jobs.json' to GitHub.
2026-06-10 14:40:20,329 - INFO -   [OK] Pushed 'last_run.json' to GitHub.
2026-06-10 14:40:21,332 - INFO - 
--------------------------------------------------
2026-06-10 14:40:21,332 - INFO - [Category] Category: DEVOPS | Elapsed: 5.8 min
2026-06-10 14:40:21,332 - INFO - --------------------------------------------------
2026-06-10 14:40:21,332 - INFO - 
[Search] [devops engineer] - ['Hyderabad', 'Bangalore', 'Chennai', 'Pune', 'Remote']
2026-06-10 14:40:22,721 - INFO -     [200] https://www.linkedin.com/jobs-guest/jobs/api/seeMoreJobPostings/search?keywords=devops%20e
2026-06-10 14:40:24,395 - INFO -     [200] https://www.linkedin.com/jobs-guest/jobs/api/seeMoreJobPostings/search?keywords=devops%20e
2026-06-10 14:40:26,334 - INFO -     [200] https://www.linkedin.com/jobs-guest/jobs/api/seeMoreJobPostings/search?keywords=devops%20e
2026-06-10 14:40:27,954 - INFO -     [200] https://www.linkedin.com/jobs-guest/jobs/api/seeMoreJobPostings/search?keywords=devops%20e
2026-06-10 14:40:28,936 - INFO -     [200] https://www.linkedin.com/jobs-guest/jobs/api/seeMoreJobPostings/search?keywords=devops%20e
2026-06-10 14:40:29,151 - INFO - [DEBUG] Dropped job in 'phoenix, az' - not in target list
2026-06-10 14:40:29,151 - INFO - [DEBUG] Dropped job in 'omaha, ne' - not in target list
2026-06-10 14:40:29,151 - INFO - [DEBUG] Dropped job in 'washington dc-baltimore area' - not in target list
2026-06-10 14:40:29,151 - INFO - [DEBUG] Dropped job in 'dallas-fort worth metroplex' - not in target list
2026-06-10 14:40:29,151 - INFO - [DEBUG] Dropped job in 'bucharest, romania' - not in target list
2026-06-10 14:40:29,151 - INFO - [DEBUG] Dropped job in 'united states' - not in target list
2026-06-10 14:40:29,151 - INFO - [DEBUG] Dropped job in 'charlotte, nc' - not in target list
2026-06-10 14:40:29,152 - INFO - [DEBUG] Dropped job in 'raleigh, nc' - not in target list
2026-06-10 14:40:29,152 - INFO - [DEBUG] Dropped job in 'colorado springs, co' - not in target list
2026-06-10 14:40:29,152 - INFO - [DEBUG] Dropped job in 'usa, kochi, japan' - not in target list
2026-06-10 14:40:29,152 - INFO -  [OK] LinkedIn: 50 fetched → 40 new & recent (filtered: 10)
2026-06-10 14:40:41,416 - INFO -  [OK] Naukri: 90 fetched → 3 new & recent (filtered: 87)
2026-06-10 14:40:41,941 - INFO -  [OK] Remotive: 13 fetched → 0 new & recent (filtered: 13)
2026-06-10 14:40:43,374 - INFO -  [OK] WeWorkRemotely: 13 fetched → 0 new & recent (filtered: 13)
2026-06-10 14:40:43,995 - INFO -  [OK] RemoteOK: 0 fetched → 0 new & recent (filtered: 0)
2026-06-10 14:40:53,087 - INFO -   [Sent] Sent 4 new jobs for 'devops engineer'
2026-06-10 14:40:54,765 - INFO -   [OK] Pushed 'sent_jobs.json' to GitHub.
2026-06-10 14:40:56,022 - INFO -   [OK] Pushed 'last_run.json' to GitHub.
2026-06-10 14:40:56,025 - INFO - 
[Search] [cloud engineer] - ['Hyderabad', 'Bangalore', 'Chennai', 'Pune', 'Remote']
2026-06-10 14:40:57,608 - INFO -     [200] https://www.linkedin.com/jobs-guest/jobs/api/seeMoreJobPostings/search?keywords=cloud%20en
2026-06-10 14:40:59,229 - INFO -     [200] https://www.linkedin.com/jobs-guest/jobs/api/seeMoreJobPostings/search?keywords=cloud%20en
2026-06-10 14:41:00,734 - INFO -     [200] https://www.linkedin.com/jobs-guest/jobs/api/seeMoreJobPostings/search?keywords=cloud%20en
2026-06-10 14:41:02,434 - INFO -     [200] https://www.linkedin.com/jobs-guest/jobs/api/seeMoreJobPostings/search?keywords=cloud%20en
2026-06-10 14:41:04,092 - INFO -     [200] https://www.linkedin.com/jobs-guest/jobs/api/seeMoreJobPostings/search?keywords=cloud%20en
2026-06-10 14:41:04,302 - INFO - [DEBUG] Dropped job in 'phoenix, az' - not in target list
2026-06-10 14:41:04,302 - INFO - [DEBUG] Dropped job in 'omaha, ne' - not in target list
2026-06-10 14:41:04,302 - INFO - [DEBUG] Dropped job in 'amsterdam, north holland, netherlands' - not in target list
2026-06-10 14:41:04,302 - INFO - [DEBUG] Dropped job in 'nashville metropolitan area' - not in target list
2026-06-10 14:41:04,303 - INFO - [DEBUG] Dropped job in 'chandler, az' - not in target list
2026-06-10 14:41:04,303 - INFO - [DEBUG] Dropped job in 'new york, ny' - not in target list
2026-06-10 14:41:04,303 - INFO - [DEBUG] Dropped job in 'washington dc-baltimore area' - not in target list
2026-06-10 14:41:04,303 - INFO - [DEBUG] Dropped job in 'dallas-fort worth metroplex' - not in target list
2026-06-10 14:41:04,303 - INFO - [DEBUG] Dropped job in 'westlake, oh' - not in target list
2026-06-10 14:41:04,303 - INFO - [DEBUG] Dropped job in 'london area, united kingdom' - not in target list
2026-06-10 14:41:04,303 - INFO -  [OK] LinkedIn: 50 fetched → 40 new & recent (filtered: 10)
2026-06-10 14:41:17,508 - INFO -  [OK] Naukri: 88 fetched → 4 new & recent (filtered: 84)
2026-06-10 14:41:18,009 - INFO -  [OK] Remotive: 13 fetched → 0 new & recent (filtered: 13)
2026-06-10 14:41:19,379 - INFO -  [OK] WeWorkRemotely: 13 fetched → 0 new & recent (filtered: 13)
2026-06-10 14:41:19,997 - INFO -  [OK] RemoteOK: 0 fetched → 0 new & recent (filtered: 0)
2026-06-10 14:41:31,240 - INFO -   [Sent] Sent 5 new jobs for 'cloud engineer'
2026-06-10 14:41:32,909 - INFO -   [OK] Pushed 'sent_jobs.json' to GitHub.
2026-06-10 14:41:34,112 - INFO -   [OK] Pushed 'last_run.json' to GitHub.
2026-06-10 14:41:34,114 - INFO - 
[Search] [site reliability engineer] - ['Hyderabad', 'Bangalore', 'Chennai', 'Pune', 'Remote']
2026-06-10 14:41:35,751 - INFO -     [200] https://www.linkedin.com/jobs-guest/jobs/api/seeMoreJobPostings/search?keywords=site%20rel
2026-06-10 14:41:37,427 - INFO -     [200] https://www.linkedin.com/jobs-guest/jobs/api/seeMoreJobPostings/search?keywords=site%20rel
2026-06-10 14:41:39,286 - INFO -     [200] https://www.linkedin.com/jobs-guest/jobs/api/seeMoreJobPostings/search?keywords=site%20rel
2026-06-10 14:41:40,985 - INFO -     [200] https://www.linkedin.com/jobs-guest/jobs/api/seeMoreJobPostings/search?keywords=site%20rel
2026-06-10 14:41:42,750 - INFO -     [200] https://www.linkedin.com/jobs-guest/jobs/api/seeMoreJobPostings/search?keywords=site%20rel
2026-06-10 14:41:42,960 - INFO - [DEBUG] Dropped job in 'halifax, nova scotia, canada' - not in target list
2026-06-10 14:41:42,960 - INFO - [DEBUG] Dropped job in 'cambridge, england, united kingdom' - not in target list
2026-06-10 14:41:42,961 - INFO - [DEBUG] Dropped job in 'singapore, singapore' - not in target list
2026-06-10 14:41:42,961 - INFO - [DEBUG] Dropped job in 'chicago, il' - not in target list
2026-06-10 14:41:42,961 - INFO - [DEBUG] Dropped job in 'san francisco, ca' - not in target list
2026-06-10 14:41:42,961 - INFO - [DEBUG] Dropped job in 'chandler, az' - not in target list
2026-06-10 14:41:42,961 - INFO - [DEBUG] Dropped job in 'greenville, sc' - not in target list
2026-06-10 14:41:42,961 - INFO - [DEBUG] Dropped job in 'austin, tx' - not in target list
2026-06-10 14:41:42,961 - INFO -  [OK] LinkedIn: 48 fetched → 40 new & recent (filtered: 8)
2026-06-10 14:41:56,570 - INFO -  [OK] Naukri: 86 fetched → 8 new & recent (filtered: 78)
2026-06-10 14:41:57,071 - INFO -  [OK] Remotive: 13 fetched → 0 new & recent (filtered: 13)
2026-06-10 14:41:58,378 - INFO -  [OK] WeWorkRemotely: 14 fetched → 0 new & recent (filtered: 14)
2026-06-10 14:41:59,000 - INFO -  [OK] RemoteOK: 0 fetched → 0 new & recent (filtered: 0)
2026-06-10 14:42:07,999 - INFO -   [Sent] Sent 4 new jobs for 'site reliability engineer'
2026-06-10 14:42:09,691 - INFO -   [OK] Pushed 'sent_jobs.json' to GitHub.
2026-06-10 14:42:10,811 - INFO -   [OK] Pushed 'last_run.json' to GitHub.
2026-06-10 14:42:10,813 - INFO - 
[Search] [platform engineer] - ['Hyderabad', 'Bangalore', 'Chennai', 'Pune', 'Remote']
2026-06-10 14:42:12,344 - INFO -     [200] https://www.linkedin.com/jobs-guest/jobs/api/seeMoreJobPostings/search?keywords=platform%2
2026-06-10 14:42:13,938 - INFO -     [200] https://www.linkedin.com/jobs-guest/jobs/api/seeMoreJobPostings/search?keywords=platform%2
2026-06-10 14:42:15,310 - INFO -     [200] https://www.linkedin.com/jobs-guest/jobs/api/seeMoreJobPostings/search?keywords=platform%2
2026-06-10 14:42:16,748 - INFO -     [200] https://www.linkedin.com/jobs-guest/jobs/api/seeMoreJobPostings/search?keywords=platform%2
2026-06-10 14:42:18,393 - INFO -     [200] https://www.linkedin.com/jobs-guest/jobs/api/seeMoreJobPostings/search?keywords=platform%2
2026-06-10 14:42:18,605 - INFO - [DEBUG] Dropped job in 'amsterdam, north holland, netherlands' - not in target list
2026-06-10 14:42:18,605 - INFO - [DEBUG] Dropped job in 'phoenix, az' - not in target list
2026-06-10 14:42:18,605 - INFO - [DEBUG] Dropped job in 'omaha, ne' - not in target list
2026-06-10 14:42:18,606 - INFO - [DEBUG] Dropped job in 'poughkeepsie, ny' - not in target list
2026-06-10 14:42:18,606 - INFO - [DEBUG] Dropped job in 'london area, united kingdom' - not in target list
2026-06-10 14:42:18,606 - INFO - [DEBUG] Dropped job in 'chandler, az' - not in target list
2026-06-10 14:42:18,606 - INFO - [DEBUG] Dropped job in 'usa, kochi, japan' - not in target list
2026-06-10 14:42:18,606 - INFO - [DEBUG] Dropped job in 'united states' - not in target list
2026-06-10 14:42:18,606 - INFO - [DEBUG] Dropped job in 'london area, united kingdom' - not in target list
2026-06-10 14:42:18,606 - INFO -  [OK] LinkedIn: 46 fetched → 37 new & recent (filtered: 9)
2026-06-10 14:42:33,069 - INFO -  [OK] Naukri: 93 fetched → 10 new & recent (filtered: 83)
2026-06-10 14:42:33,570 - INFO -  [OK] Remotive: 13 fetched → 0 new & recent (filtered: 13)
2026-06-10 14:42:34,878 - INFO -  [OK] WeWorkRemotely: 16 fetched → 0 new & recent (filtered: 16)
2026-06-10 14:42:35,493 - INFO -  [OK] RemoteOK: 0 fetched → 0 new & recent (filtered: 0)
2026-06-10 14:42:46,601 - INFO -   [Sent] Sent 5 new jobs for 'platform engineer'
2026-06-10 14:42:48,303 - INFO -   [OK] Pushed 'sent_jobs.json' to GitHub.
2026-06-10 14:42:49,492 - INFO -   [OK] Pushed 'last_run.json' to GitHub.
2026-06-10 14:42:49,494 - INFO - 
[Search] [kubernetes engineer] - ['Hyderabad', 'Bangalore', 'Chennai', 'Pune', 'Remote']
2026-06-10 14:42:51,141 - INFO -     [200] https://www.linkedin.com/jobs-guest/jobs/api/seeMoreJobPostings/search?keywords=kubernetes
2026-06-10 14:42:52,861 - INFO -     [200] https://www.linkedin.com/jobs-guest/jobs/api/seeMoreJobPostings/search?keywords=kubernetes
2026-06-10 14:42:54,555 - INFO -     [200] https://www.linkedin.com/jobs-guest/jobs/api/seeMoreJobPostings/search?keywords=kubernetes
2026-06-10 14:42:56,202 - INFO -     [200] https://www.linkedin.com/jobs-guest/jobs/api/seeMoreJobPostings/search?keywords=kubernetes
2026-06-10 14:42:57,903 - INFO -     [200] https://www.linkedin.com/jobs-guest/jobs/api/seeMoreJobPostings/search?keywords=kubernetes
2026-06-10 14:42:58,116 - INFO - [DEBUG] Dropped job in 'khed, maharashtra, india' - not in target list
2026-06-10 14:42:58,116 - INFO - [DEBUG] Dropped job in 'vancouver, british columbia, canada' - not in target list
2026-06-10 14:42:58,116 - INFO - [DEBUG] Dropped job in 'washington, dc' - not in target list
2026-06-10 14:42:58,116 - INFO - [DEBUG] Dropped job in 'rome, ny' - not in target list
2026-06-10 14:42:58,116 - INFO - [DEBUG] Dropped job in 'vancouver, british columbia, canada' - not in target list
2026-06-10 14:42:58,116 - INFO - [DEBUG] Dropped job in 'toronto, ontario, canada' - not in target list
2026-06-10 14:42:58,116 - INFO - [DEBUG] Dropped job in 'london, england, united kingdom' - not in target list
2026-06-10 14:42:58,116 - INFO - [DEBUG] Dropped job in 'chandler, az' - not in target list
2026-06-10 14:42:58,116 - INFO - [DEBUG] Dropped job in 'tallinn, harjumaa, estonia' - not in target list
2026-06-10 14:42:58,116 - INFO - [DEBUG] Dropped job in 'chandler, az' - not in target list
2026-06-10 14:42:58,117 - INFO - [DEBUG] Dropped job in 'melbourne, victoria, australia' - not in target list
2026-06-10 14:42:58,117 - INFO -  [OK] LinkedIn: 47 fetched → 36 new & recent (filtered: 11)
2026-06-10 14:43:09,264 - INFO -  [OK] Naukri: 68 fetched → 4 new & recent (filtered: 64)
2026-06-10 14:43:09,765 - INFO -  [OK] Remotive: 13 fetched → 0 new & recent (filtered: 13)
2026-06-10 14:43:11,083 - INFO -  [OK] WeWorkRemotely: 13 fetched → 0 new & recent (filtered: 13)
2026-06-10 14:43:11,777 - INFO -  [OK] RemoteOK: 0 fetched → 0 new & recent (filtered: 0)
2026-06-10 14:43:27,226 - INFO -   [Sent] Sent 7 new jobs for 'kubernetes engineer'
2026-06-10 14:43:28,642 - INFO -   [OK] Pushed 'sent_jobs.json' to GitHub.
2026-06-10 14:43:29,926 - INFO -   [OK] Pushed 'last_run.json' to GitHub.
2026-06-10 14:43:32,400 - INFO -   [OK] Pushed 'sent_jobs.json' to GitHub.
2026-06-10 14:43:33,600 - INFO -   [OK] Pushed 'last_run.json' to GitHub.
2026-06-10 14:43:33,602 - INFO - 
==================================================
2026-06-10 14:43:33,602 - INFO - [OK] Run complete. Total new jobs sent: 56
2026-06-10 14:43:33,603 - INFO - ==================================================
============================================================
[RUN END] exit code: 0
============================================================
2026-06-10 15:04:18,300 - INFO - [startup] Pulled 3000 log lines from GitHub.
============================================================
[RUN START] 2026-06-10 15:04:23 UTC
============================================================
2026-06-10 15:04:24,375 - INFO - [OK] Config OK - 3 active categories, 16 keywords total
2026-06-10 15:04:24,780 - INFO - 
============================================================
2026-06-10 15:04:24,780 - INFO - [STARTUP] ENV VAR CHECK
2026-06-10 15:04:24,780 - INFO - ============================================================
2026-06-10 15:04:24,780 - INFO -   [OK]     SST_BOT_TOKEN = ***wE1Y
2026-06-10 15:04:24,781 - INFO -   [OK]     SST_BACKEND_JOBS_CHAT_ID = ***1312
2026-06-10 15:04:24,781 - INFO -   [OK]     SST_FRONTEND_JOBS_CHAT_ID = ***8207
2026-06-10 15:04:24,781 - INFO -   [OK]     SST_DEVOPS_JOBS_CHAT_ID = ***1587
2026-06-10 15:04:24,781 - INFO -   [OK]     GITHUB_TOKEN = ***IB17
2026-06-10 15:04:24,781 - INFO -   [OK]     GITHUB_REPO = ***-bot
2026-06-10 15:04:24,781 - INFO -   [OK]     SCRAPER_API_KEY = ***nK5Z
2026-06-10 15:04:24,781 - INFO - ============================================================
2026-06-10 15:04:25,243 - INFO - [OK] Successfully pulled sent_jobs.json from GitHub.
2026-06-10 15:04:25,516 - INFO - [OK] Successfully pulled last_run.json from GitHub.
2026-06-10 15:04:25,519 - INFO - 
[Time] Last run: 2026-06-10 20:13:32.403078+05:30
2026-06-10 15:04:25,519 - INFO - [State] Already sent: 5000 job IDs
2026-06-10 15:04:25,520 - INFO - 
--------------------------------------------------
2026-06-10 15:04:25,520 - INFO - [Category] Category: BACKEND | Elapsed: 0.0 min
2026-06-10 15:04:25,520 - INFO - --------------------------------------------------
2026-06-10 15:04:25,520 - INFO - 
[Search] [python developer] - ['Hyderabad', 'Bangalore', 'Chennai', 'Pune', 'Remote']
2026-06-10 15:04:26,960 - INFO -     [200] https://www.linkedin.com/jobs-guest/jobs/api/seeMoreJobPostings/search?keywords=python%20d
2026-06-10 15:04:29,671 - INFO -     [200] https://www.linkedin.com/jobs-guest/jobs/api/seeMoreJobPostings/search?keywords=python%20d
2026-06-10 15:04:31,145 - INFO -     [200] https://www.linkedin.com/jobs-guest/jobs/api/seeMoreJobPostings/search?keywords=python%20d
2026-06-10 15:04:32,959 - INFO -     [200] https://www.linkedin.com/jobs-guest/jobs/api/seeMoreJobPostings/search?keywords=python%20d
2026-06-10 15:04:34,718 - INFO -     [200] https://www.linkedin.com/jobs-guest/jobs/api/seeMoreJobPostings/search?keywords=python%20d
2026-06-10 15:04:34,929 - INFO - [DEBUG] Dropped job in 'greater joão pessoa' - not in target list
2026-06-10 15:04:34,929 - INFO - [DEBUG] Dropped job in 'united states' - not in target list
2026-06-10 15:04:34,929 - INFO - [DEBUG] Dropped job in 'london area, united kingdom' - not in target list
2026-06-10 15:04:34,930 - INFO - [DEBUG] Dropped job in 'columbus, oh' - not in target list
2026-06-10 15:04:34,930 - INFO - [DEBUG] Dropped job in 'amersfoort, utrecht, netherlands' - not in target list
2026-06-10 15:04:34,930 - INFO - [DEBUG] Dropped job in 'montreal, quebec, canada' - not in target list
2026-06-10 15:04:34,930 - INFO - [DEBUG] Dropped job in 'paris, île-de-france, france' - not in target list
2026-06-10 15:04:34,930 - INFO -  [OK] LinkedIn: 47 fetched → 40 new & recent (filtered: 7)
2026-06-10 15:04:48,011 - INFO -  [OK] Naukri: 80 fetched → 23 new & recent (filtered: 57)
2026-06-10 15:04:48,697 - INFO -     [Remotive] Cached 28 total jobs
2026-06-10 15:04:48,699 - INFO -  [OK] Remotive: 2 fetched → 0 new & recent (filtered: 2)
2026-06-10 15:04:49,878 - INFO -  [OK] WeWorkRemotely: 3 fetched → 0 new & recent (filtered: 3)
2026-06-10 15:04:50,591 - INFO -  [OK] RemoteOK: 0 fetched → 0 new & recent (filtered: 0)
2026-06-10 15:05:27,200 - INFO -   [Sent] Sent 17 new jobs for 'python developer'
2026-06-10 15:05:28,748 - INFO -   [OK] Pushed 'sent_jobs.json' to GitHub.
2026-06-10 15:05:29,805 - INFO -   [OK] Pushed 'last_run.json' to GitHub.
2026-06-10 15:05:29,807 - INFO - 
[Search] [java developer] - ['Hyderabad', 'Bangalore', 'Chennai', 'Pune', 'Remote']
2026-06-10 15:05:31,157 - INFO -     [200] https://www.linkedin.com/jobs-guest/jobs/api/seeMoreJobPostings/search?keywords=java%20dev
2026-06-10 15:05:32,676 - INFO -     [200] https://www.linkedin.com/jobs-guest/jobs/api/seeMoreJobPostings/search?keywords=java%20dev
2026-06-10 15:05:34,327 - INFO -     [200] https://www.linkedin.com/jobs-guest/jobs/api/seeMoreJobPostings/search?keywords=java%20dev
2026-06-10 15:05:35,830 - INFO -     [200] https://www.linkedin.com/jobs-guest/jobs/api/seeMoreJobPostings/search?keywords=java%20dev
2026-06-10 15:05:37,960 - INFO -     [200] https://www.linkedin.com/jobs-guest/jobs/api/seeMoreJobPostings/search?keywords=java%20dev
2026-06-10 15:05:38,171 - INFO - [DEBUG] Dropped job in 'toronto, ontario, canada' - not in target list
2026-06-10 15:05:38,172 - INFO - [DEBUG] Dropped job in 'northampton, england, united kingdom' - not in target list
2026-06-10 15:05:38,172 - INFO - [DEBUG] Dropped job in 'london area, united kingdom' - not in target list
2026-06-10 15:05:38,172 - INFO - [DEBUG] Dropped job in 'london, england, united kingdom' - not in target list
2026-06-10 15:05:38,172 - INFO - [DEBUG] Dropped job in 'groningen, groningen, netherlands' - not in target list
2026-06-10 15:05:38,172 - INFO - [DEBUG] Dropped job in 'greater toronto area, canada' - not in target list
2026-06-10 15:05:38,172 - INFO - [DEBUG] Dropped job in 'bratislava, slovakia' - not in target list
2026-06-10 15:05:38,172 - INFO - [DEBUG] Dropped job in 'london, england, united kingdom' - not in target list
2026-06-10 15:05:38,173 - INFO - [DEBUG] Dropped job in 'kortrijk, flemish region, belgium' - not in target list
2026-06-10 15:05:38,173 - INFO -  [OK] LinkedIn: 49 fetched → 40 new & recent (filtered: 9)
2026-06-10 15:05:50,374 - INFO -  [OK] Naukri: 65 fetched → 16 new & recent (filtered: 49)
2026-06-10 15:05:50,875 - INFO -  [OK] Remotive: 3 fetched → 0 new & recent (filtered: 3)
2026-06-10 15:05:52,172 - INFO -  [OK] WeWorkRemotely: 2 fetched → 0 new & recent (filtered: 2)
2026-06-10 15:05:52,789 - INFO -  [OK] RemoteOK: 0 fetched → 0 new & recent (filtered: 0)
2026-06-10 15:06:10,141 - INFO -   [Sent] Sent 8 new jobs for 'java developer'
2026-06-10 15:06:12,384 - INFO -   [ERROR] Failed to push 'sent_jobs.json' to GitHub: 401 - {
  "message": "Requires authentication",
  "documentation_url": "https://docs.github.com/rest",
  "status": "401"
}
2026-06-10 15:06:14,360 - INFO -   [ERROR] Failed to push 'last_run.json' to GitHub: 401 - {
  "message": "Requires authentication",
  "documentation_url": "https://docs.github.com/rest",
  "status": "401"
}
2026-06-10 15:06:14,362 - INFO - 
[Search] [node.js developer] - ['Hyderabad', 'Bangalore', 'Chennai', 'Pune', 'Remote']
2026-06-10 15:06:15,618 - INFO -     [200] https://www.linkedin.com/jobs-guest/jobs/api/seeMoreJobPostings/search?keywords=node.js%20
2026-06-10 15:06:17,321 - INFO -     [200] https://www.linkedin.com/jobs-guest/jobs/api/seeMoreJobPostings/search?keywords=node.js%20
2026-06-10 15:06:18,939 - INFO -     [200] https://www.linkedin.com/jobs-guest/jobs/api/seeMoreJobPostings/search?keywords=node.js%20
2026-06-10 15:06:20,355 - INFO -     [200] https://www.linkedin.com/jobs-guest/jobs/api/seeMoreJobPostings/search?keywords=node.js%20
2026-06-10 15:06:21,752 - INFO -     [429] https://www.linkedin.com/jobs-guest/jobs/api/seeMoreJobPostings/search?keywords=node.js%20
2026-06-10 15:06:21,955 - INFO -  [OK] LinkedIn: 29 fetched → 29 new & recent (filtered: 0)
2026-06-10 15:06:33,975 - INFO -  [OK] Naukri: 76 fetched → 4 new & recent (filtered: 72)
2026-06-10 15:06:34,476 - INFO -  [OK] Remotive: 2 fetched → 0 new & recent (filtered: 2)
2026-06-10 15:06:35,780 - INFO -  [OK] WeWorkRemotely: 2 fetched → 0 new & recent (filtered: 2)
2026-06-10 15:06:36,385 - INFO -  [OK] RemoteOK: 0 fetched → 0 new & recent (filtered: 0)
2026-06-10 15:06:47,535 - INFO -   [Sent] Sent 5 new jobs for 'node.js developer'
2026-06-10 15:06:49,661 - INFO -   [ERROR] Failed to push 'sent_jobs.json' to GitHub: 401 - {
  "message": "Requires authentication",
  "documentation_url": "https://docs.github.com/rest",
  "status": "401"
}
2026-06-10 15:06:51,039 - INFO -   [OK] Pushed 'last_run.json' to GitHub.
2026-06-10 15:06:51,041 - INFO - 
[Search] [backend developer] - ['Hyderabad', 'Bangalore', 'Chennai', 'Pune', 'Remote']
2026-06-10 15:06:52,521 - INFO -     [200] https://www.linkedin.com/jobs-guest/jobs/api/seeMoreJobPostings/search?keywords=backend%20
2026-06-10 15:06:54,376 - INFO -     [200] https://www.linkedin.com/jobs-guest/jobs/api/seeMoreJobPostings/search?keywords=backend%20
2026-06-10 15:06:56,522 - INFO -     [200] https://www.linkedin.com/jobs-guest/jobs/api/seeMoreJobPostings/search?keywords=backend%20
2026-06-10 15:06:58,617 - INFO -     [200] https://www.linkedin.com/jobs-guest/jobs/api/seeMoreJobPostings/search?keywords=backend%20
2026-06-10 15:07:00,435 - INFO -     [200] https://www.linkedin.com/jobs-guest/jobs/api/seeMoreJobPostings/search?keywords=backend%20
2026-06-10 15:07:00,665 - INFO - [DEBUG] Dropped job in 'greater joão pessoa' - not in target list
2026-06-10 15:07:00,665 - INFO - [DEBUG] Dropped job in 'los angeles, ca' - not in target list
2026-06-10 15:07:00,665 - INFO - [DEBUG] Dropped job in 'california, united states' - not in target list
2026-06-10 15:07:00,665 - INFO - [DEBUG] Dropped job in 'texas, united states' - not in target list
2026-06-10 15:07:00,665 - INFO - [DEBUG] Dropped job in 'london area, united kingdom' - not in target list
2026-06-10 15:07:00,665 - INFO - [DEBUG] Dropped job in 'tel aviv-yafo, tel aviv district, israel' - not in target list
2026-06-10 15:07:00,665 - INFO - [DEBUG] Dropped job in 'new jersey, united states' - not in target list
2026-06-10 15:07:00,665 - INFO - [DEBUG] Dropped job in 'los angeles, ca' - not in target list
2026-06-10 15:07:00,665 - INFO - [DEBUG] Dropped job in 'new york, ny' - not in target list
2026-06-10 15:07:00,666 - INFO -  [OK] LinkedIn: 47 fetched → 38 new & recent (filtered: 9)
2026-06-10 15:07:13,477 - INFO -  [OK] Naukri: 91 fetched → 6 new & recent (filtered: 85)
2026-06-10 15:07:13,978 - INFO -  [OK] Remotive: 12 fetched → 0 new & recent (filtered: 12)
2026-06-10 15:07:15,370 - INFO -  [OK] WeWorkRemotely: 3 fetched → 0 new & recent (filtered: 3)
2026-06-10 15:07:15,988 - INFO -  [OK] RemoteOK: 0 fetched → 0 new & recent (filtered: 0)
2026-06-10 15:07:35,608 - INFO -   [Sent] Sent 9 new jobs for 'backend developer'
2026-06-10 15:07:38,250 - INFO -   [OK] Pushed 'sent_jobs.json' to GitHub.
2026-06-10 15:07:39,358 - INFO -   [OK] Pushed 'last_run.json' to GitHub.
2026-06-10 15:07:39,360 - INFO - 
[Search] [golang developer] - ['Hyderabad', 'Bangalore', 'Chennai', 'Pune', 'Remote']
2026-06-10 15:07:40,758 - INFO -     [200] https://www.linkedin.com/jobs-guest/jobs/api/seeMoreJobPostings/search?keywords=golang%20d
2026-06-10 15:07:42,296 - INFO -     [200] https://www.linkedin.com/jobs-guest/jobs/api/seeMoreJobPostings/search?keywords=golang%20d
2026-06-10 15:07:43,791 - INFO -     [200] https://www.linkedin.com/jobs-guest/jobs/api/seeMoreJobPostings/search?keywords=golang%20d
2026-06-10 15:07:45,274 - INFO -     [200] https://www.linkedin.com/jobs-guest/jobs/api/seeMoreJobPostings/search?keywords=golang%20d
2026-06-10 15:07:46,528 - INFO -     [429] https://www.linkedin.com/jobs-guest/jobs/api/seeMoreJobPostings/search?keywords=golang%20d
2026-06-10 15:07:46,730 - INFO -  [OK] LinkedIn: 16 fetched → 16 new & recent (filtered: 0)
2026-06-10 15:07:59,770 - INFO -  [OK] Naukri: 92 fetched → 7 new & recent (filtered: 85)
2026-06-10 15:08:00,271 - INFO -  [OK] Remotive: 2 fetched → 0 new & recent (filtered: 2)
2026-06-10 15:08:01,570 - INFO -  [OK] WeWorkRemotely: 2 fetched → 0 new & recent (filtered: 2)
2026-06-10 15:08:02,186 - INFO -  [OK] RemoteOK: 0 fetched → 0 new & recent (filtered: 0)
2026-06-10 15:08:02,687 - INFO -   [Sent] Sent 0 new jobs for 'golang developer'
2026-06-10 15:08:02,687 - INFO - 
[Search] [rust developer] - ['Hyderabad', 'Bangalore', 'Chennai', 'Pune', 'Remote']
2026-06-10 15:08:03,914 - INFO -     [200] https://www.linkedin.com/jobs-guest/jobs/api/seeMoreJobPostings/search?keywords=rust%20dev
2026-06-10 15:08:05,589 - INFO -     [200] https://www.linkedin.com/jobs-guest/jobs/api/seeMoreJobPostings/search?keywords=rust%20dev
2026-06-10 15:08:07,020 - INFO -     [200] https://www.linkedin.com/jobs-guest/jobs/api/seeMoreJobPostings/search?keywords=rust%20dev
2026-06-10 15:08:08,582 - INFO -     [200] https://www.linkedin.com/jobs-guest/jobs/api/seeMoreJobPostings/search?keywords=rust%20dev
2026-06-10 15:08:10,225 - INFO -     [200] https://www.linkedin.com/jobs-guest/jobs/api/seeMoreJobPostings/search?keywords=rust%20dev
2026-06-10 15:08:10,465 - INFO - [DEBUG] Dropped job in 'kentucky, united states' - not in target list
2026-06-10 15:08:10,465 - INFO - [DEBUG] Dropped job in 'wisconsin, united states' - not in target list
2026-06-10 15:08:10,465 - INFO - [DEBUG] Dropped job in 'mississippi, united states' - not in target list
2026-06-10 15:08:10,465 - INFO - [DEBUG] Dropped job in 'brussels, brussels region, belgium' - not in target list
2026-06-10 15:08:10,465 - INFO - [DEBUG] Dropped job in 'new york, ny' - not in target list
2026-06-10 15:08:10,465 - INFO - [DEBUG] Dropped job in 'brea, ca' - not in target list
2026-06-10 15:08:10,465 - INFO - [DEBUG] Dropped job in 'oud-turnhout, flemish region, belgium' - not in target list
2026-06-10 15:08:10,465 - INFO - [DEBUG] Dropped job in 'philadelphia, pa' - not in target list
2026-06-10 15:08:10,465 - INFO - [DEBUG] Dropped job in 'johnston, ri' - not in target list
2026-06-10 15:08:10,466 - INFO - [DEBUG] Dropped job in 'india' - not in target list
2026-06-10 15:08:10,466 - INFO -  [OK] LinkedIn: 25 fetched → 15 new & recent (filtered: 10)
2026-06-10 15:08:20,773 - INFO -  [OK] Naukri: 22 fetched → 2 new & recent (filtered: 20)
2026-06-10 15:08:21,274 - INFO -  [OK] Remotive: 2 fetched → 0 new & recent (filtered: 2)
2026-06-10 15:08:22,678 - INFO -  [OK] WeWorkRemotely: 2 fetched → 0 new & recent (filtered: 2)
2026-06-10 15:08:23,289 - INFO -  [OK] RemoteOK: 0 fetched → 0 new & recent (filtered: 0)
2026-06-10 15:08:32,606 - INFO -   [Sent] Sent 4 new jobs for 'rust developer'
2026-06-10 15:08:34,447 - INFO -   [OK] Pushed 'sent_jobs.json' to GitHub.
2026-06-10 15:08:35,489 - INFO -   [OK] Pushed 'last_run.json' to GitHub.
2026-06-10 15:08:36,492 - INFO - 
--------------------------------------------------
2026-06-10 15:08:36,492 - INFO - [Category] Category: FRONTEND | Elapsed: 4.2 min
2026-06-10 15:08:36,492 - INFO - --------------------------------------------------
2026-06-10 15:08:36,493 - INFO - 
[Search] [react developer] - ['Hyderabad', 'Bangalore', 'Chennai', 'Pune', 'Remote']
2026-06-10 15:08:37,868 - INFO -     [200] https://www.linkedin.com/jobs-guest/jobs/api/seeMoreJobPostings/search?keywords=react%20de
2026-06-10 15:08:39,570 - INFO -     [200] https://www.linkedin.com/jobs-guest/jobs/api/seeMoreJobPostings/search?keywords=react%20de
2026-06-10 15:08:41,119 - INFO -     [200] https://www.linkedin.com/jobs-guest/jobs/api/seeMoreJobPostings/search?keywords=react%20de
2026-06-10 15:08:42,569 - INFO -     [200] https://www.linkedin.com/jobs-guest/jobs/api/seeMoreJobPostings/search?keywords=react%20de
2026-06-10 15:08:43,601 - INFO -     [200] https://www.linkedin.com/jobs-guest/jobs/api/seeMoreJobPostings/search?keywords=react%20de
2026-06-10 15:08:43,811 - INFO - [DEBUG] Dropped job in 'troy, mi' - not in target list
2026-06-10 15:08:43,811 - INFO - [DEBUG] Dropped job in 'kanpur, uttar pradesh, india' - not in target list
2026-06-10 15:08:43,812 - INFO - [DEBUG] Dropped job in 'amman, amman, jordan' - not in target list
2026-06-10 15:08:43,812 - INFO - [DEBUG] Dropped job in 'jaipur, rajasthan, india' - not in target list
2026-06-10 15:08:43,812 - INFO - [DEBUG] Dropped job in 'london area, united kingdom' - not in target list
2026-06-10 15:08:43,812 - INFO - [DEBUG] Dropped job in 'toronto, ontario, canada' - not in target list
2026-06-10 15:08:43,812 - INFO - [DEBUG] Dropped job in 'faridabad, haryana, india' - not in target list
2026-06-10 15:08:43,812 - INFO -  [OK] LinkedIn: 38 fetched → 31 new & recent (filtered: 7)
2026-06-10 15:08:55,846 - INFO -  [OK] Naukri: 80 fetched → 7 new & recent (filtered: 73)
2026-06-10 15:08:56,347 - INFO -  [OK] Remotive: 13 fetched → 0 new & recent (filtered: 13)
2026-06-10 15:08:57,666 - INFO -  [OK] WeWorkRemotely: 2 fetched → 0 new & recent (filtered: 2)
2026-06-10 15:08:58,288 - INFO -  [OK] RemoteOK: 0 fetched → 0 new & recent (filtered: 0)
2026-06-10 15:09:01,598 - INFO -   [Sent] Sent 1 new jobs for 'react developer'
2026-06-10 15:09:03,689 - INFO -   [ERROR] Failed to push 'sent_jobs.json' to GitHub: 401 - {
  "message": "Requires authentication",
  "documentation_url": "https://docs.github.com/rest",
  "status": "401"
}
2026-06-10 15:09:05,560 - INFO -   [ERROR] Failed to push 'last_run.json' to GitHub: 401 - {
  "message": "Requires authentication",
  "documentation_url": "https://docs.github.com/rest",
  "status": "401"
}
2026-06-10 15:09:05,562 - INFO - 
[Search] [frontend developer] - ['Hyderabad', 'Bangalore', 'Chennai', 'Pune', 'Remote']
2026-06-10 15:09:06,667 - INFO -     [200] https://www.linkedin.com/jobs-guest/jobs/api/seeMoreJobPostings/search?keywords=frontend%2
2026-06-10 15:09:08,268 - INFO -     [200] https://www.linkedin.com/jobs-guest/jobs/api/seeMoreJobPostings/search?keywords=frontend%2
2026-06-10 15:09:09,913 - INFO -     [200] https://www.linkedin.com/jobs-guest/jobs/api/seeMoreJobPostings/search?keywords=frontend%2
2026-06-10 15:09:11,490 - INFO -     [200] https://www.linkedin.com/jobs-guest/jobs/api/seeMoreJobPostings/search?keywords=frontend%2
2026-06-10 15:09:12,975 - INFO -     [200] https://www.linkedin.com/jobs-guest/jobs/api/seeMoreJobPostings/search?keywords=frontend%2
2026-06-10 15:09:13,270 - INFO - [DEBUG] Dropped job in 'tel aviv-yafo, tel aviv district, israel' - not in target list
2026-06-10 15:09:13,271 - INFO - [DEBUG] Dropped job in 'united states' - not in target list
2026-06-10 15:09:13,271 - INFO - [DEBUG] Dropped job in 'dubai, dubai, united arab emirates' - not in target list
2026-06-10 15:09:13,271 - INFO - [DEBUG] Dropped job in 'lisbon, portugal' - not in target list
2026-06-10 15:09:13,271 - INFO - [DEBUG] Dropped job in 'madrid, community of madrid, spain' - not in target list
2026-06-10 15:09:13,271 - INFO - [DEBUG] Dropped job in 'united states' - not in target list
2026-06-10 15:09:13,271 - INFO - [DEBUG] Dropped job in 'mataró, catalonia, spain' - not in target list
2026-06-10 15:09:13,271 - INFO - [DEBUG] Dropped job in 'united states' - not in target list
2026-06-10 15:09:13,271 - INFO -  [OK] LinkedIn: 14 fetched → 6 new & recent (filtered: 8)
2026-06-10 15:09:25,320 - INFO -  [OK] Naukri: 80 fetched → 2 new & recent (filtered: 78)
2026-06-10 15:09:25,821 - INFO -  [OK] Remotive: 13 fetched → 0 new & recent (filtered: 13)
2026-06-10 15:09:27,078 - INFO -  [OK] WeWorkRemotely: 3 fetched → 0 new & recent (filtered: 3)
2026-06-10 15:09:27,683 - INFO -  [OK] RemoteOK: 0 fetched → 0 new & recent (filtered: 0)
2026-06-10 15:09:28,184 - INFO -   [Sent] Sent 0 new jobs for 'frontend developer'
2026-06-10 15:09:28,184 - INFO - 
[Search] [angular developer] - ['Hyderabad', 'Bangalore', 'Chennai', 'Pune', 'Remote']
2026-06-10 15:09:29,706 - INFO -     [200] https://www.linkedin.com/jobs-guest/jobs/api/seeMoreJobPostings/search?keywords=angular%20
2026-06-10 15:09:31,210 - INFO -     [200] https://www.linkedin.com/jobs-guest/jobs/api/seeMoreJobPostings/search?keywords=angular%20
2026-06-10 15:09:32,625 - INFO -     [200] https://www.linkedin.com/jobs-guest/jobs/api/seeMoreJobPostings/search?keywords=angular%20
2026-06-10 15:09:34,549 - INFO -     [200] https://www.linkedin.com/jobs-guest/jobs/api/seeMoreJobPostings/search?keywords=angular%20
2026-06-10 15:09:36,232 - INFO -     [200] https://www.linkedin.com/jobs-guest/jobs/api/seeMoreJobPostings/search?keywords=angular%20
2026-06-10 15:09:36,445 - INFO - [DEBUG] Dropped job in 'noida, uttar pradesh, india' - not in target list
2026-06-10 15:09:36,445 - INFO - [DEBUG] Dropped job in 'basildon, england, united kingdom' - not in target list
2026-06-10 15:09:36,445 - INFO - [DEBUG] Dropped job in 'kanpur, uttar pradesh, india' - not in target list
2026-06-10 15:09:36,445 - INFO - [DEBUG] Dropped job in 'dallas-fort worth metroplex' - not in target list
2026-06-10 15:09:36,445 - INFO - [DEBUG] Dropped job in 'plano, tx' - not in target list
2026-06-10 15:09:36,446 - INFO - [DEBUG] Dropped job in 'jaipur, rajasthan, india' - not in target list
2026-06-10 15:09:36,446 - INFO -  [OK] LinkedIn: 40 fetched → 34 new & recent (filtered: 6)
2026-06-10 15:09:48,513 - INFO -  [OK] Naukri: 81 fetched → 2 new & recent (filtered: 79)
2026-06-10 15:09:49,014 - INFO -  [OK] Remotive: 2 fetched → 0 new & recent (filtered: 2)
2026-06-10 15:09:50,266 - INFO -  [OK] WeWorkRemotely: 2 fetched → 0 new & recent (filtered: 2)
2026-06-10 15:09:50,884 - INFO -  [OK] RemoteOK: 0 fetched → 0 new & recent (filtered: 0)
2026-06-10 15:09:59,995 - INFO -   [Sent] Sent 4 new jobs for 'angular developer'
2026-06-10 15:10:02,116 - INFO -   [OK] Pushed 'sent_jobs.json' to GitHub.
2026-06-10 15:10:03,224 - INFO -   [OK] Pushed 'last_run.json' to GitHub.
2026-06-10 15:10:03,226 - INFO - 
[Search] [vue.js developer] - ['Hyderabad', 'Bangalore', 'Chennai', 'Pune', 'Remote']
2026-06-10 15:10:04,481 - INFO -     [200] https://www.linkedin.com/jobs-guest/jobs/api/seeMoreJobPostings/search?keywords=vue.js%20d
2026-06-10 15:10:06,016 - INFO -     [200] https://www.linkedin.com/jobs-guest/jobs/api/seeMoreJobPostings/search?keywords=vue.js%20d
2026-06-10 15:10:07,531 - INFO -     [200] https://www.linkedin.com/jobs-guest/jobs/api/seeMoreJobPostings/search?keywords=vue.js%20d
2026-06-10 15:10:09,187 - INFO -     [200] https://www.linkedin.com/jobs-guest/jobs/api/seeMoreJobPostings/search?keywords=vue.js%20d
2026-06-10 15:10:10,441 - INFO -     [429] https://www.linkedin.com/jobs-guest/jobs/api/seeMoreJobPostings/search?keywords=vue.js%20d
2026-06-10 15:10:10,644 - INFO -  [OK] LinkedIn: 12 fetched → 12 new & recent (filtered: 0)
2026-06-10 15:10:21,883 - INFO -  [OK] Naukri: 76 fetched → 7 new & recent (filtered: 69)
2026-06-10 15:10:22,384 - INFO -  [OK] Remotive: 2 fetched → 0 new & recent (filtered: 2)
2026-06-10 15:10:23,778 - INFO -  [OK] WeWorkRemotely: 2 fetched → 0 new & recent (filtered: 2)
2026-06-10 15:10:24,482 - INFO -  [OK] RemoteOK: 0 fetched → 0 new & recent (filtered: 0)
2026-06-10 15:10:27,207 - INFO -   [Sent] Sent 1 new jobs for 'vue.js developer'
2026-06-10 15:10:29,003 - INFO -   [OK] Pushed 'sent_jobs.json' to GitHub.
2026-06-10 15:10:30,415 - INFO -   [OK] Pushed 'last_run.json' to GitHub.
2026-06-10 15:10:30,418 - INFO - 
[Search] [typescript developer] - ['Hyderabad', 'Bangalore', 'Chennai', 'Pune', 'Remote']
2026-06-10 15:10:31,755 - INFO -     [200] https://www.linkedin.com/jobs-guest/jobs/api/seeMoreJobPostings/search?keywords=typescript
2026-06-10 15:10:33,245 - INFO -     [200] https://www.linkedin.com/jobs-guest/jobs/api/seeMoreJobPostings/search?keywords=typescript
2026-06-10 15:10:34,739 - INFO -     [200] https://www.linkedin.com/jobs-guest/jobs/api/seeMoreJobPostings/search?keywords=typescript
2026-06-10 15:10:36,234 - INFO -     [200] https://www.linkedin.com/jobs-guest/jobs/api/seeMoreJobPostings/search?keywords=typescript
2026-06-10 15:10:38,019 - INFO -     [200] https://www.linkedin.com/jobs-guest/jobs/api/seeMoreJobPostings/search?keywords=typescript
2026-06-10 15:10:38,231 - INFO - [DEBUG] Dropped job in 'kyiv, kyiv city, ukraine' - not in target list
2026-06-10 15:10:38,231 - INFO - [DEBUG] Dropped job in 'london area, united kingdom' - not in target list
2026-06-10 15:10:38,231 - INFO - [DEBUG] Dropped job in 'toronto, ontario, canada' - not in target list
2026-06-10 15:10:38,231 - INFO - [DEBUG] Dropped job in 'minato, tokyo, japan' - not in target list
2026-06-10 15:10:38,231 - INFO - [DEBUG] Dropped job in 'berlin, germany' - not in target list
2026-06-10 15:10:38,231 - INFO - [DEBUG] Dropped job in 'london area, united kingdom' - not in target list
2026-06-10 15:10:38,232 - INFO - [DEBUG] Dropped job in 'chicago, il' - not in target list
2026-06-10 15:10:38,232 - INFO - [DEBUG] Dropped job in 'stockholm, stockholm county, sweden' - not in target list
2026-06-10 15:10:38,232 - INFO - [DEBUG] Dropped job in 'antalya, türkiye' - not in target list
2026-06-10 15:10:38,232 - INFO - [DEBUG] Dropped job in 'nieuwegein, utrecht, netherlands' - not in target list
2026-06-10 15:10:38,232 - INFO -  [OK] LinkedIn: 13 fetched → 3 new & recent (filtered: 10)
2026-06-10 15:10:50,147 - INFO -  [OK] Naukri: 81 fetched → 21 new & recent (filtered: 60)
2026-06-10 15:10:50,648 - INFO -  [OK] Remotive: 12 fetched → 0 new & recent (filtered: 12)
2026-06-10 15:10:51,978 - INFO -  [OK] WeWorkRemotely: 2 fetched → 0 new & recent (filtered: 2)
2026-06-10 15:10:52,585 - INFO -  [OK] RemoteOK: 0 fetched → 0 new & recent (filtered: 0)
2026-06-10 15:10:55,292 - INFO -   [Sent] Sent 1 new jobs for 'typescript developer'
2026-06-10 15:10:56,882 - INFO -   [OK] Pushed 'sent_jobs.json' to GitHub.
2026-06-10 15:10:57,971 - INFO -   [OK] Pushed 'last_run.json' to GitHub.
2026-06-10 15:10:58,973 - INFO - 
--------------------------------------------------
2026-06-10 15:10:58,974 - INFO - [Category] Category: DEVOPS | Elapsed: 6.6 min
2026-06-10 15:10:58,974 - INFO - --------------------------------------------------
2026-06-10 15:10:58,974 - INFO - 
[Search] [devops engineer] - ['Hyderabad', 'Bangalore', 'Chennai', 'Pune', 'Remote']
2026-06-10 15:11:00,242 - INFO -     [200] https://www.linkedin.com/jobs-guest/jobs/api/seeMoreJobPostings/search?keywords=devops%20e
2026-06-10 15:11:01,904 - INFO -     [200] https://www.linkedin.com/jobs-guest/jobs/api/seeMoreJobPostings/search?keywords=devops%20e
2026-06-10 15:11:03,500 - INFO -     [200] https://www.linkedin.com/jobs-guest/jobs/api/seeMoreJobPostings/search?keywords=devops%20e
2026-06-10 15:11:05,075 - INFO -     [200] https://www.linkedin.com/jobs-guest/jobs/api/seeMoreJobPostings/search?keywords=devops%20e
2026-06-10 15:11:06,713 - INFO -     [200] https://www.linkedin.com/jobs-guest/jobs/api/seeMoreJobPostings/search?keywords=devops%20e
2026-06-10 15:11:06,924 - INFO - [DEBUG] Dropped job in 'new york, ny' - not in target list
2026-06-10 15:11:06,924 - INFO - [DEBUG] Dropped job in 'united states' - not in target list
2026-06-10 15:11:06,924 - INFO - [DEBUG] Dropped job in 'washington dc-baltimore area' - not in target list
2026-06-10 15:11:06,924 - INFO - [DEBUG] Dropped job in 'dallas-fort worth metroplex' - not in target list
2026-06-10 15:11:06,924 - INFO - [DEBUG] Dropped job in 'bucharest, romania' - not in target list
2026-06-10 15:11:06,924 - INFO - [DEBUG] Dropped job in 'united states' - not in target list
2026-06-10 15:11:06,924 - INFO - [DEBUG] Dropped job in 'raleigh, nc' - not in target list
2026-06-10 15:11:06,925 - INFO - [DEBUG] Dropped job in 'charlotte, nc' - not in target list
2026-06-10 15:11:06,925 - INFO - [DEBUG] Dropped job in 'dublin, county dublin, ireland' - not in target list
2026-06-10 15:11:06,925 - INFO - [DEBUG] Dropped job in 'colorado springs, co' - not in target list
2026-06-10 15:11:06,925 - INFO -  [OK] LinkedIn: 48 fetched → 38 new & recent (filtered: 10)
2026-06-10 15:11:19,280 - INFO -  [OK] Naukri: 90 fetched → 3 new & recent (filtered: 87)
2026-06-10 15:11:19,780 - INFO -  [OK] Remotive: 13 fetched → 0 new & recent (filtered: 13)
2026-06-10 15:11:21,076 - INFO -  [OK] WeWorkRemotely: 13 fetched → 0 new & recent (filtered: 13)
2026-06-10 15:11:21,687 - INFO -  [OK] RemoteOK: 0 fetched → 0 new & recent (filtered: 0)
2026-06-10 15:11:41,106 - INFO -   [Sent] Sent 9 new jobs for 'devops engineer'
2026-06-10 15:11:42,879 - INFO -   [OK] Pushed 'sent_jobs.json' to GitHub.
2026-06-10 15:11:44,186 - INFO -   [OK] Pushed 'last_run.json' to GitHub.
2026-06-10 15:11:44,188 - INFO - 
[Search] [cloud engineer] - ['Hyderabad', 'Bangalore', 'Chennai', 'Pune', 'Remote']
2026-06-10 15:11:45,611 - INFO -     [200] https://www.linkedin.com/jobs-guest/jobs/api/seeMoreJobPostings/search?keywords=cloud%20en
2026-06-10 15:11:47,733 - INFO -     [200] https://www.linkedin.com/jobs-guest/jobs/api/seeMoreJobPostings/search?keywords=cloud%20en
2026-06-10 15:11:49,513 - INFO -     [200] https://www.linkedin.com/jobs-guest/jobs/api/seeMoreJobPostings/search?keywords=cloud%20en
2026-06-10 15:11:51,747 - INFO -     [200] https://www.linkedin.com/jobs-guest/jobs/api/seeMoreJobPostings/search?keywords=cloud%20en
2026-06-10 15:11:52,371 - INFO -     [429] https://www.linkedin.com/jobs-guest/jobs/api/seeMoreJobPostings/search?keywords=cloud%20en
2026-06-10 15:11:52,575 - INFO -  [OK] LinkedIn: 40 fetched → 40 new & recent (filtered: 0)
2026-06-10 15:12:04,932 - INFO -  [OK] Naukri: 88 fetched → 4 new & recent (filtered: 84)
2026-06-10 15:12:05,433 - INFO -  [OK] Remotive: 13 fetched → 0 new & recent (filtered: 13)
2026-06-10 15:12:06,669 - INFO -  [OK] WeWorkRemotely: 13 fetched → 0 new & recent (filtered: 13)
2026-06-10 15:12:07,287 - INFO -  [OK] RemoteOK: 0 fetched → 0 new & recent (filtered: 0)
2026-06-10 15:12:29,001 - INFO -   [Sent] Sent 10 new jobs for 'cloud engineer'
2026-06-10 15:12:30,641 - INFO -   [OK] Pushed 'sent_jobs.json' to GitHub.
2026-06-10 15:12:31,687 - INFO -   [OK] Pushed 'last_run.json' to GitHub.
2026-06-10 15:12:31,689 - INFO - 
[Search] [site reliability engineer] - ['Hyderabad', 'Bangalore', 'Chennai', 'Pune', 'Remote']
2026-06-10 15:12:33,294 - INFO -     [200] https://www.linkedin.com/jobs-guest/jobs/api/seeMoreJobPostings/search?keywords=site%20rel
2026-06-10 15:12:34,886 - INFO -     [200] https://www.linkedin.com/jobs-guest/jobs/api/seeMoreJobPostings/search?keywords=site%20rel
2026-06-10 15:12:36,377 - INFO -     [200] https://www.linkedin.com/jobs-guest/jobs/api/seeMoreJobPostings/search?keywords=site%20rel
2026-06-10 15:12:38,060 - INFO -     [200] https://www.linkedin.com/jobs-guest/jobs/api/seeMoreJobPostings/search?keywords=site%20rel
2026-06-10 15:12:39,760 - INFO -     [200] https://www.linkedin.com/jobs-guest/jobs/api/seeMoreJobPostings/search?keywords=site%20rel
2026-06-10 15:12:39,970 - INFO - [DEBUG] Dropped job in 'türkiye' - not in target list
2026-06-10 15:12:39,971 - INFO - [DEBUG] Dropped job in 'brazil' - not in target list
2026-06-10 15:12:39,971 - INFO - [DEBUG] Dropped job in 'latin america' - not in target list
2026-06-10 15:12:39,971 - INFO - [DEBUG] Dropped job in 'argentina' - not in target list
2026-06-10 15:12:39,971 - INFO - [DEBUG] Dropped job in 'chicago, il' - not in target list
2026-06-10 15:12:39,971 - INFO - [DEBUG] Dropped job in 'united states' - not in target list
2026-06-10 15:12:39,971 - INFO - [DEBUG] Dropped job in 'telford, england, united kingdom' - not in target list
2026-06-10 15:12:39,971 - INFO - [DEBUG] Dropped job in 'chicago, il' - not in target list
2026-06-10 15:12:39,971 - INFO - [DEBUG] Dropped job in 'chandler, az' - not in target list
2026-06-10 15:12:39,971 - INFO -  [OK] LinkedIn: 49 fetched → 40 new & recent (filtered: 9)
2026-06-10 15:12:52,131 - INFO -  [OK] Naukri: 86 fetched → 8 new & recent (filtered: 78)
2026-06-10 15:12:52,632 - INFO -  [OK] Remotive: 13 fetched → 0 new & recent (filtered: 13)
2026-06-10 15:12:53,875 - INFO -  [OK] WeWorkRemotely: 14 fetched → 0 new & recent (filtered: 14)
2026-06-10 15:12:54,489 - INFO -  [OK] RemoteOK: 0 fetched → 0 new & recent (filtered: 0)
2026-06-10 15:12:54,989 - INFO -   [Sent] Sent 0 new jobs for 'site reliability engineer'
2026-06-10 15:12:54,989 - INFO - 
[Search] [platform engineer] - ['Hyderabad', 'Bangalore', 'Chennai', 'Pune', 'Remote']
2026-06-10 15:12:56,618 - INFO -     [200] https://www.linkedin.com/jobs-guest/jobs/api/seeMoreJobPostings/search?keywords=platform%2
2026-06-10 15:12:58,239 - INFO -     [200] https://www.linkedin.com/jobs-guest/jobs/api/seeMoreJobPostings/search?keywords=platform%2
2026-06-10 15:12:59,851 - INFO -     [200] https://www.linkedin.com/jobs-guest/jobs/api/seeMoreJobPostings/search?keywords=platform%2
2026-06-10 15:13:01,334 - INFO -     [200] https://www.linkedin.com/jobs-guest/jobs/api/seeMoreJobPostings/search?keywords=platform%2
2026-06-10 15:13:02,811 - INFO -     [200] https://www.linkedin.com/jobs-guest/jobs/api/seeMoreJobPostings/search?keywords=platform%2
2026-06-10 15:13:03,022 - INFO - [DEBUG] Dropped job in 'poughkeepsie, ny' - not in target list
2026-06-10 15:13:03,022 - INFO - [DEBUG] Dropped job in 'london area, united kingdom' - not in target list
2026-06-10 15:13:03,022 - INFO - [DEBUG] Dropped job in 'united states' - not in target list
2026-06-10 15:13:03,022 - INFO - [DEBUG] Dropped job in 'chandler, az' - not in target list
2026-06-10 15:13:03,022 - INFO - [DEBUG] Dropped job in 'london area, united kingdom' - not in target list
2026-06-10 15:13:03,023 - INFO - [DEBUG] Dropped job in 'united kingdom' - not in target list
2026-06-10 15:13:03,023 - INFO - [DEBUG] Dropped job in 'united states' - not in target list
2026-06-10 15:13:03,023 - INFO - [DEBUG] Dropped job in 'hawaii, united states' - not in target list
2026-06-10 15:13:03,023 - INFO - [DEBUG] Dropped job in 'san diego, ca' - not in target list
2026-06-10 15:13:03,023 - INFO - [DEBUG] Dropped job in 'united states' - not in target list
2026-06-10 15:13:03,023 - INFO -  [OK] LinkedIn: 47 fetched → 37 new & recent (filtered: 10)
2026-06-10 15:13:16,165 - INFO -  [OK] Naukri: 93 fetched → 10 new & recent (filtered: 83)
2026-06-10 15:13:16,666 - INFO -  [OK] Remotive: 13 fetched → 0 new & recent (filtered: 13)
2026-06-10 15:13:17,969 - INFO -  [OK] WeWorkRemotely: 16 fetched → 0 new & recent (filtered: 16)
2026-06-10 15:13:18,676 - INFO -  [OK] RemoteOK: 0 fetched → 0 new & recent (filtered: 0)
2026-06-10 15:13:25,532 - INFO -   [Sent] Sent 3 new jobs for 'platform engineer'
2026-06-10 15:13:27,238 - INFO -   [OK] Pushed 'sent_jobs.json' to GitHub.
2026-06-10 15:13:28,275 - INFO -   [OK] Pushed 'last_run.json' to GitHub.
2026-06-10 15:13:28,277 - INFO - 
[Search] [kubernetes engineer] - ['Hyderabad', 'Bangalore', 'Chennai', 'Pune', 'Remote']
2026-06-10 15:13:29,686 - INFO -     [200] https://www.linkedin.com/jobs-guest/jobs/api/seeMoreJobPostings/search?keywords=kubernetes
2026-06-10 15:13:31,239 - INFO -     [200] https://www.linkedin.com/jobs-guest/jobs/api/seeMoreJobPostings/search?keywords=kubernetes
2026-06-10 15:13:32,592 - INFO -     [200] https://www.linkedin.com/jobs-guest/jobs/api/seeMoreJobPostings/search?keywords=kubernetes
2026-06-10 15:13:33,982 - INFO -     [200] https://www.linkedin.com/jobs-guest/jobs/api/seeMoreJobPostings/search?keywords=kubernetes
2026-06-10 15:13:35,041 - INFO -     [200] https://www.linkedin.com/jobs-guest/jobs/api/seeMoreJobPostings/search?keywords=kubernetes
2026-06-10 15:13:35,253 - INFO - [DEBUG] Dropped job in 'khed, maharashtra, india' - not in target list
2026-06-10 15:13:35,253 - INFO - [DEBUG] Dropped job in 'vancouver, british columbia, canada' - not in target list
2026-06-10 15:13:35,254 - INFO - [DEBUG] Dropped job in 'washington, dc' - not in target list
2026-06-10 15:13:35,254 - INFO - [DEBUG] Dropped job in 'rome, ny' - not in target list
2026-06-10 15:13:35,254 - INFO - [DEBUG] Dropped job in 'toronto, ontario, canada' - not in target list
2026-06-10 15:13:35,254 - INFO - [DEBUG] Dropped job in 'amsterdam, north holland, netherlands' - not in target list
2026-06-10 15:13:35,254 - INFO - [DEBUG] Dropped job in 'chicago, il' - not in target list
2026-06-10 15:13:35,254 - INFO - [DEBUG] Dropped job in 'vancouver, british columbia, canada' - not in target list
2026-06-10 15:13:35,254 - INFO - [DEBUG] Dropped job in 'london, england, united kingdom' - not in target list
2026-06-10 15:13:35,254 - INFO - [DEBUG] Dropped job in 'tallinn, harjumaa, estonia' - not in target list
2026-06-10 15:13:35,254 - INFO - [DEBUG] Dropped job in 'columbus, ohio metropolitan area' - not in target list
2026-06-10 15:13:35,254 - INFO -  [OK] LinkedIn: 39 fetched → 28 new & recent (filtered: 11)
2026-06-10 15:13:46,445 - INFO -  [OK] Naukri: 68 fetched → 4 new & recent (filtered: 64)
2026-06-10 15:13:46,946 - INFO -  [OK] Remotive: 13 fetched → 0 new & recent (filtered: 13)
2026-06-10 15:13:48,368 - INFO -  [OK] WeWorkRemotely: 13 fetched → 0 new & recent (filtered: 13)
2026-06-10 15:13:49,081 - INFO -  [OK] RemoteOK: 0 fetched → 0 new & recent (filtered: 0)
2026-06-10 15:14:00,247 - INFO -   [Sent] Sent 5 new jobs for 'kubernetes engineer'
2026-06-10 15:14:01,946 - INFO -   [OK] Pushed 'sent_jobs.json' to GitHub.
2026-06-10 15:14:03,116 - INFO -   [OK] Pushed 'last_run.json' to GitHub.
2026-06-10 15:14:05,868 - INFO -   [OK] Pushed 'sent_jobs.json' to GitHub.
2026-06-10 15:14:07,144 - INFO -   [OK] Pushed 'last_run.json' to GitHub.
2026-06-10 15:14:07,146 - INFO - 
==================================================
2026-06-10 15:14:07,146 - INFO - [OK] Run complete. Total new jobs sent: 77
2026-06-10 15:14:07,146 - INFO - ==================================================
============================================================
[RUN END] exit code: 0
============================================================
2026-06-10 16:04:17,633 - INFO - [startup] Pulled 3000 log lines from GitHub.
============================================================
[RUN START] 2026-06-10 16:04:22 UTC
============================================================
2026-06-10 16:04:23,582 - INFO - [OK] Config OK - 3 active categories, 16 keywords total
2026-06-10 16:04:24,184 - INFO - 
============================================================
2026-06-10 16:04:24,185 - INFO - [STARTUP] ENV VAR CHECK
2026-06-10 16:04:24,185 - INFO - ============================================================
2026-06-10 16:04:24,185 - INFO -   [OK]     SST_BOT_TOKEN = ***wE1Y
2026-06-10 16:04:24,185 - INFO -   [OK]     SST_BACKEND_JOBS_CHAT_ID = ***1312
2026-06-10 16:04:24,185 - INFO -   [OK]     SST_FRONTEND_JOBS_CHAT_ID = ***8207
2026-06-10 16:04:24,185 - INFO -   [OK]     SST_DEVOPS_JOBS_CHAT_ID = ***1587
2026-06-10 16:04:24,185 - INFO -   [OK]     GITHUB_TOKEN = ***IB17
2026-06-10 16:04:24,185 - INFO -   [OK]     GITHUB_REPO = ***-bot
2026-06-10 16:04:24,185 - INFO -   [OK]     SCRAPER_API_KEY = ***nK5Z
2026-06-10 16:04:24,185 - INFO - ============================================================
2026-06-10 16:04:24,693 - INFO - [OK] Successfully pulled sent_jobs.json from GitHub.
2026-06-10 16:04:24,917 - INFO - [OK] Successfully pulled last_run.json from GitHub.
2026-06-10 16:04:24,920 - INFO - 
[Time] Last run: 2026-06-10 21:10:59.874525+05:30
2026-06-10 16:04:24,920 - INFO - [State] Already sent: 5000 job IDs
2026-06-10 16:04:24,920 - INFO - 
--------------------------------------------------
2026-06-10 16:04:24,920 - INFO - [Category] Category: BACKEND | Elapsed: 0.0 min
2026-06-10 16:04:24,920 - INFO - --------------------------------------------------
2026-06-10 16:04:24,920 - INFO - 
[Search] [python developer] - ['Hyderabad', 'Bangalore', 'Chennai', 'Pune', 'Remote']
2026-06-10 16:04:26,457 - INFO -     [200] https://www.linkedin.com/jobs-guest/jobs/api/seeMoreJobPostings/search?keywords=python%20d
2026-06-10 16:04:29,793 - INFO -     [200] https://www.linkedin.com/jobs-guest/jobs/api/seeMoreJobPostings/search?keywords=python%20d
2026-06-10 16:04:31,496 - INFO -     [200] https://www.linkedin.com/jobs-guest/jobs/api/seeMoreJobPostings/search?keywords=python%20d
2026-06-10 16:04:33,239 - INFO -     [200] https://www.linkedin.com/jobs-guest/jobs/api/seeMoreJobPostings/search?keywords=python%20d
2026-06-10 16:04:35,221 - INFO -     [200] https://www.linkedin.com/jobs-guest/jobs/api/seeMoreJobPostings/search?keywords=python%20d
2026-06-10 16:04:35,432 - INFO - [DEBUG] Dropped job in 'velachery, tamil nadu, india' - not in target list
2026-06-10 16:04:35,432 - INFO - [DEBUG] Dropped job in 'united states' - not in target list
2026-06-10 16:04:35,432 - INFO - [DEBUG] Dropped job in 'cracow, małopolskie, poland' - not in target list
2026-06-10 16:04:35,432 - INFO - [DEBUG] Dropped job in 'austin, tx' - not in target list
2026-06-10 16:04:35,432 - INFO - [DEBUG] Dropped job in 'london area, united kingdom' - not in target list
2026-06-10 16:04:35,432 - INFO - [DEBUG] Dropped job in 'toronto, ontario, canada' - not in target list
2026-06-10 16:04:35,432 - INFO - [DEBUG] Dropped job in 'riga, riga, latvia' - not in target list
2026-06-10 16:04:35,433 - INFO - [DEBUG] Dropped job in 'stockholm, stockholm county, sweden' - not in target list
2026-06-10 16:04:35,433 - INFO - [DEBUG] Dropped job in 'london area, united kingdom' - not in target list
2026-06-10 16:04:35,433 - INFO -  [OK] LinkedIn: 49 fetched → 40 new & recent (filtered: 9)
2026-06-10 16:04:48,219 - INFO -  [OK] Naukri: 81 fetched → 23 new & recent (filtered: 58)
2026-06-10 16:04:48,872 - INFO -     [Remotive] Cached 28 total jobs
2026-06-10 16:04:48,873 - INFO -  [OK] Remotive: 2 fetched → 0 new & recent (filtered: 2)
2026-06-10 16:04:50,153 - INFO -  [OK] WeWorkRemotely: 3 fetched → 0 new & recent (filtered: 3)
2026-06-10 16:04:50,765 - INFO -  [OK] RemoteOK: 0 fetched → 0 new & recent (filtered: 0)
2026-06-10 16:05:14,375 - INFO -   [Sent] Sent 11 new jobs for 'python developer'
2026-06-10 16:05:15,960 - INFO -   [OK] Pushed 'sent_jobs.json' to GitHub.
2026-06-10 16:05:17,064 - INFO -   [OK] Pushed 'last_run.json' to GitHub.
2026-06-10 16:05:17,066 - INFO - 
[Search] [java developer] - ['Hyderabad', 'Bangalore', 'Chennai', 'Pune', 'Remote']
2026-06-10 16:05:18,386 - INFO -     [200] https://www.linkedin.com/jobs-guest/jobs/api/seeMoreJobPostings/search?keywords=java%20dev
2026-06-10 16:05:19,968 - INFO -     [200] https://www.linkedin.com/jobs-guest/jobs/api/seeMoreJobPostings/search?keywords=java%20dev
2026-06-10 16:05:21,446 - INFO -     [200] https://www.linkedin.com/jobs-guest/jobs/api/seeMoreJobPostings/search?keywords=java%20dev
2026-06-10 16:05:22,942 - INFO -     [200] https://www.linkedin.com/jobs-guest/jobs/api/seeMoreJobPostings/search?keywords=java%20dev
2026-06-10 16:05:24,542 - INFO -     [200] https://www.linkedin.com/jobs-guest/jobs/api/seeMoreJobPostings/search?keywords=java%20dev
2026-06-10 16:05:24,753 - INFO - [DEBUG] Dropped job in 'united states' - not in target list
2026-06-10 16:05:24,753 - INFO - [DEBUG] Dropped job in 'toronto, ontario, canada' - not in target list
2026-06-10 16:05:24,753 - INFO - [DEBUG] Dropped job in 'london, england, united kingdom' - not in target list
2026-06-10 16:05:24,753 - INFO - [DEBUG] Dropped job in 'new york, united states' - not in target list
2026-06-10 16:05:24,753 - INFO - [DEBUG] Dropped job in 'london, england, united kingdom' - not in target list
2026-06-10 16:05:24,754 - INFO - [DEBUG] Dropped job in 'pennsylvania, united states' - not in target list
2026-06-10 16:05:24,754 - INFO - [DEBUG] Dropped job in 'california, united states' - not in target list
2026-06-10 16:05:24,754 - INFO - [DEBUG] Dropped job in 'deerfield, il' - not in target list
2026-06-10 16:05:24,754 - INFO - [DEBUG] Dropped job in 'ternopil, ternopil, ukraine' - not in target list
2026-06-10 16:05:24,754 - INFO - [DEBUG] Dropped job in 'fremont, ca' - not in target list
2026-06-10 16:05:24,754 - INFO -  [OK] LinkedIn: 49 fetched → 39 new & recent (filtered: 10)
2026-06-10 16:05:36,448 - INFO -  [OK] Naukri: 65 fetched → 16 new & recent (filtered: 49)
2026-06-10 16:05:36,948 - INFO -  [OK] Remotive: 3 fetched → 0 new & recent (filtered: 3)
2026-06-10 16:05:38,348 - INFO -  [OK] WeWorkRemotely: 2 fetched → 0 new & recent (filtered: 2)
2026-06-10 16:05:38,960 - INFO -  [OK] RemoteOK: 0 fetched → 0 new & recent (filtered: 0)
2026-06-10 16:06:02,621 - INFO -   [Sent] Sent 11 new jobs for 'java developer'
2026-06-10 16:06:04,199 - INFO -   [OK] Pushed 'sent_jobs.json' to GitHub.
2026-06-10 16:06:05,164 - INFO -   [OK] Pushed 'last_run.json' to GitHub.
2026-06-10 16:06:05,166 - INFO - 
[Search] [node.js developer] - ['Hyderabad', 'Bangalore', 'Chennai', 'Pune', 'Remote']
2026-06-10 16:06:06,413 - INFO -     [200] https://www.linkedin.com/jobs-guest/jobs/api/seeMoreJobPostings/search?keywords=node.js%20
2026-06-10 16:06:07,842 - INFO -     [200] https://www.linkedin.com/jobs-guest/jobs/api/seeMoreJobPostings/search?keywords=node.js%20
2026-06-10 16:06:09,368 - INFO -     [200] https://www.linkedin.com/jobs-guest/jobs/api/seeMoreJobPostings/search?keywords=node.js%20
2026-06-10 16:06:10,759 - INFO -     [200] https://www.linkedin.com/jobs-guest/jobs/api/seeMoreJobPostings/search?keywords=node.js%20
2026-06-10 16:06:12,269 - INFO -     [200] https://www.linkedin.com/jobs-guest/jobs/api/seeMoreJobPostings/search?keywords=node.js%20
2026-06-10 16:06:12,479 - INFO - [DEBUG] Dropped job in 'singapore, singapore' - not in target list
2026-06-10 16:06:12,480 - INFO - [DEBUG] Dropped job in 'manila, national capital region, philippines' - not in target list
2026-06-10 16:06:12,480 - INFO - [DEBUG] Dropped job in 'dallas, tx' - not in target list
2026-06-10 16:06:12,480 - INFO - [DEBUG] Dropped job in 'halawa heights, hi' - not in target list
2026-06-10 16:06:12,480 - INFO - [DEBUG] Dropped job in 'united states' - not in target list
2026-06-10 16:06:12,480 - INFO - [DEBUG] Dropped job in 'milan, lombardy, italy' - not in target list
2026-06-10 16:06:12,480 - INFO -  [OK] LinkedIn: 43 fetched → 37 new & recent (filtered: 6)
2026-06-10 16:06:24,581 - INFO -  [OK] Naukri: 76 fetched → 5 new & recent (filtered: 71)
2026-06-10 16:06:25,081 - INFO -  [OK] Remotive: 2 fetched → 0 new & recent (filtered: 2)
2026-06-10 16:06:26,442 - INFO -  [OK] WeWorkRemotely: 2 fetched → 0 new & recent (filtered: 2)
2026-06-10 16:06:27,059 - INFO -  [OK] RemoteOK: 0 fetched → 0 new & recent (filtered: 0)
2026-06-10 16:06:31,873 - INFO -   [Sent] Sent 2 new jobs for 'node.js developer'
2026-06-10 16:06:33,573 - INFO -   [OK] Pushed 'sent_jobs.json' to GitHub.
2026-06-10 16:06:34,765 - INFO -   [OK] Pushed 'last_run.json' to GitHub.
2026-06-10 16:06:34,767 - INFO - 
[Search] [backend developer] - ['Hyderabad', 'Bangalore', 'Chennai', 'Pune', 'Remote']
2026-06-10 16:06:36,165 - INFO -     [200] https://www.linkedin.com/jobs-guest/jobs/api/seeMoreJobPostings/search?keywords=backend%20
2026-06-10 16:06:37,746 - INFO -     [200] https://www.linkedin.com/jobs-guest/jobs/api/seeMoreJobPostings/search?keywords=backend%20
2026-06-10 16:06:39,329 - INFO -     [200] https://www.linkedin.com/jobs-guest/jobs/api/seeMoreJobPostings/search?keywords=backend%20
2026-06-10 16:06:40,754 - INFO -     [200] https://www.linkedin.com/jobs-guest/jobs/api/seeMoreJobPostings/search?keywords=backend%20
2026-06-10 16:06:42,239 - INFO -     [200] https://www.linkedin.com/jobs-guest/jobs/api/seeMoreJobPostings/search?keywords=backend%20
2026-06-10 16:06:42,450 - INFO - [DEBUG] Dropped job in 'manila, national capital region, philippines' - not in target list
2026-06-10 16:06:42,450 - INFO - [DEBUG] Dropped job in 'singapore, singapore' - not in target list
2026-06-10 16:06:42,451 - INFO - [DEBUG] Dropped job in 'deerfield, il' - not in target list
2026-06-10 16:06:42,451 - INFO - [DEBUG] Dropped job in 'milan, lombardy, italy' - not in target list
2026-06-10 16:06:42,451 - INFO - [DEBUG] Dropped job in 'halawa heights, hi' - not in target list
2026-06-10 16:06:42,451 - INFO - [DEBUG] Dropped job in 'new jersey, united states' - not in target list
2026-06-10 16:06:42,451 - INFO - [DEBUG] Dropped job in 'united states' - not in target list
2026-06-10 16:06:42,451 - INFO - [DEBUG] Dropped job in 'frisco, tx' - not in target list
2026-06-10 16:06:42,451 - INFO - [DEBUG] Dropped job in 'toronto, ontario, canada' - not in target list
2026-06-10 16:06:42,451 - INFO - [DEBUG] Dropped job in 'london area, united kingdom' - not in target list
2026-06-10 16:06:42,451 - INFO -  [OK] LinkedIn: 48 fetched → 38 new & recent (filtered: 10)
2026-06-10 16:06:54,947 - INFO -  [OK] Naukri: 91 fetched → 6 new & recent (filtered: 85)
2026-06-10 16:06:55,447 - INFO -  [OK] Remotive: 12 fetched → 0 new & recent (filtered: 12)
2026-06-10 16:06:56,853 - INFO -  [OK] WeWorkRemotely: 3 fetched → 0 new & recent (filtered: 3)
2026-06-10 16:06:57,461 - INFO -  [OK] RemoteOK: 0 fetched → 0 new & recent (filtered: 0)
2026-06-10 16:07:02,248 - INFO -   [Sent] Sent 2 new jobs for 'backend developer'
2026-06-10 16:07:03,788 - INFO -   [OK] Pushed 'sent_jobs.json' to GitHub.
2026-06-10 16:07:04,733 - INFO -   [OK] Pushed 'last_run.json' to GitHub.
2026-06-10 16:07:04,735 - INFO - 
[Search] [golang developer] - ['Hyderabad', 'Bangalore', 'Chennai', 'Pune', 'Remote']
2026-06-10 16:07:05,812 - INFO -     [200] https://www.linkedin.com/jobs-guest/jobs/api/seeMoreJobPostings/search?keywords=golang%20d
2026-06-10 16:07:07,318 - INFO -     [200] https://www.linkedin.com/jobs-guest/jobs/api/seeMoreJobPostings/search?keywords=golang%20d
2026-06-10 16:07:08,675 - INFO -     [200] https://www.linkedin.com/jobs-guest/jobs/api/seeMoreJobPostings/search?keywords=golang%20d
2026-06-10 16:07:10,097 - INFO -     [200] https://www.linkedin.com/jobs-guest/jobs/api/seeMoreJobPostings/search?keywords=golang%20d
2026-06-10 16:07:11,750 - INFO -     [200] https://www.linkedin.com/jobs-guest/jobs/api/seeMoreJobPostings/search?keywords=golang%20d
2026-06-10 16:07:11,960 - INFO - [DEBUG] Dropped job in 'argentina' - not in target list
2026-06-10 16:07:11,960 - INFO - [DEBUG] Dropped job in 'dallas-fort worth metroplex' - not in target list
2026-06-10 16:07:11,960 - INFO - [DEBUG] Dropped job in 'brea, ca' - not in target list
2026-06-10 16:07:11,960 - INFO - [DEBUG] Dropped job in 'new jersey, united states' - not in target list
2026-06-10 16:07:11,961 - INFO - [DEBUG] Dropped job in 'kentucky, united states' - not in target list
2026-06-10 16:07:11,961 - INFO - [DEBUG] Dropped job in 'mississippi, united states' - not in target list
2026-06-10 16:07:11,961 - INFO - [DEBUG] Dropped job in 'toronto, ontario, canada' - not in target list
2026-06-10 16:07:11,961 - INFO - [DEBUG] Dropped job in 'phoenix, az' - not in target list
2026-06-10 16:07:11,961 - INFO - [DEBUG] Dropped job in 'london area, united kingdom' - not in target list
2026-06-10 16:07:11,961 - INFO - [DEBUG] Dropped job in 'sophia antipolis, provence-alpes-côte d'azur, france' - not in target list
2026-06-10 16:07:11,961 - INFO -  [OK] LinkedIn: 36 fetched → 26 new & recent (filtered: 10)
2026-06-10 16:07:24,827 - INFO -  [OK] Naukri: 92 fetched → 7 new & recent (filtered: 85)
2026-06-10 16:07:25,328 - INFO -  [OK] Remotive: 2 fetched → 0 new & recent (filtered: 2)
2026-06-10 16:07:26,642 - INFO -  [OK] WeWorkRemotely: 2 fetched → 0 new & recent (filtered: 2)
2026-06-10 16:07:27,262 - INFO -  [OK] RemoteOK: 0 fetched → 0 new & recent (filtered: 0)
2026-06-10 16:07:55,301 - INFO -   [Sent] Sent 13 new jobs for 'golang developer'
2026-06-10 16:07:57,445 - INFO -   [ERROR] Failed to push 'sent_jobs.json' to GitHub: 401 - {
  "message": "Requires authentication",
  "documentation_url": "https://docs.github.com/rest",
  "status": "401"
}
2026-06-10 16:07:59,334 - INFO -   [ERROR] Failed to push 'last_run.json' to GitHub: 401 - {
  "message": "Requires authentication",
  "documentation_url": "https://docs.github.com/rest",
  "status": "401"
}
2026-06-10 16:07:59,337 - INFO - 
[Search] [rust developer] - ['Hyderabad', 'Bangalore', 'Chennai', 'Pune', 'Remote']
2026-06-10 16:08:00,544 - INFO -     [200] https://www.linkedin.com/jobs-guest/jobs/api/seeMoreJobPostings/search?keywords=rust%20dev
2026-06-10 16:08:02,237 - INFO -     [200] https://www.linkedin.com/jobs-guest/jobs/api/seeMoreJobPostings/search?keywords=rust%20dev
2026-06-10 16:08:03,697 - INFO -     [200] https://www.linkedin.com/jobs-guest/jobs/api/seeMoreJobPostings/search?keywords=rust%20dev
2026-06-10 16:08:05,020 - INFO -     [200] https://www.linkedin.com/jobs-guest/jobs/api/seeMoreJobPostings/search?keywords=rust%20dev
2026-06-10 16:08:06,529 - INFO -     [200] https://www.linkedin.com/jobs-guest/jobs/api/seeMoreJobPostings/search?keywords=rust%20dev
2026-06-10 16:08:06,739 - INFO - [DEBUG] Dropped job in 'new jersey, united states' - not in target list
2026-06-10 16:08:06,739 - INFO - [DEBUG] Dropped job in 'kentucky, united states' - not in target list
2026-06-10 16:08:06,739 - INFO - [DEBUG] Dropped job in 'mississippi, united states' - not in target list
2026-06-10 16:08:06,740 - INFO - [DEBUG] Dropped job in 'brussels, brussels region, belgium' - not in target list
2026-06-10 16:08:06,740 - INFO - [DEBUG] Dropped job in 'brea, ca' - not in target list
2026-06-10 16:08:06,740 - INFO - [DEBUG] Dropped job in 'philadelphia, pa' - not in target list
2026-06-10 16:08:06,740 - INFO - [DEBUG] Dropped job in 'johnston, ri' - not in target list
2026-06-10 16:08:06,740 - INFO - [DEBUG] Dropped job in 'london area, united kingdom' - not in target list
2026-06-10 16:08:06,740 - INFO - [DEBUG] Dropped job in 'herndon, va' - not in target list
2026-06-10 16:08:06,740 - INFO - [DEBUG] Dropped job in 'pasig, national capital region, philippines' - not in target list
2026-06-10 16:08:06,740 - INFO -  [OK] LinkedIn: 32 fetched → 22 new & recent (filtered: 10)
2026-06-10 16:08:17,284 - INFO -  [OK] Naukri: 22 fetched → 2 new & recent (filtered: 20)
2026-06-10 16:08:17,784 - INFO -  [OK] Remotive: 2 fetched → 0 new & recent (filtered: 2)
2026-06-10 16:08:18,951 - INFO -  [OK] WeWorkRemotely: 2 fetched → 0 new & recent (filtered: 2)
2026-06-10 16:08:19,558 - INFO -  [OK] RemoteOK: 0 fetched → 0 new & recent (filtered: 0)
2026-06-10 16:08:26,353 - INFO -   [Sent] Sent 3 new jobs for 'rust developer'
2026-06-10 16:08:28,451 - INFO -   [ERROR] Failed to push 'sent_jobs.json' to GitHub: 401 - {
  "message": "Requires authentication",
  "documentation_url": "https://docs.github.com/rest",
  "status": "401"
}
2026-06-10 16:08:30,407 - INFO -   [ERROR] Failed to push 'last_run.json' to GitHub: 401 - {
  "message": "Requires authentication",
  "documentation_url": "https://docs.github.com/rest",
  "status": "401"
}
2026-06-10 16:08:31,409 - INFO - 
--------------------------------------------------
2026-06-10 16:08:31,409 - INFO - [Category] Category: FRONTEND | Elapsed: 4.1 min
2026-06-10 16:08:31,409 - INFO - --------------------------------------------------
2026-06-10 16:08:31,409 - INFO - 
[Search] [react developer] - ['Hyderabad', 'Bangalore', 'Chennai', 'Pune', 'Remote']
2026-06-10 16:08:32,687 - INFO -     [200] https://www.linkedin.com/jobs-guest/jobs/api/seeMoreJobPostings/search?keywords=react%20de
2026-06-10 16:08:34,261 - INFO -     [200] https://www.linkedin.com/jobs-guest/jobs/api/seeMoreJobPostings/search?keywords=react%20de
2026-06-10 16:08:35,975 - INFO -     [200] https://www.linkedin.com/jobs-guest/jobs/api/seeMoreJobPostings/search?keywords=react%20de
2026-06-10 16:08:37,758 - INFO -     [200] https://www.linkedin.com/jobs-guest/jobs/api/seeMoreJobPostings/search?keywords=react%20de
2026-06-10 16:08:39,276 - INFO -     [200] https://www.linkedin.com/jobs-guest/jobs/api/seeMoreJobPostings/search?keywords=react%20de
2026-06-10 16:08:39,487 - INFO - [DEBUG] Dropped job in 'argentina' - not in target list
2026-06-10 16:08:39,487 - INFO - [DEBUG] Dropped job in 'ontario, canada' - not in target list
2026-06-10 16:08:39,487 - INFO - [DEBUG] Dropped job in 'manila, national capital region, philippines' - not in target list
2026-06-10 16:08:39,487 - INFO - [DEBUG] Dropped job in 'madrid, community of madrid, spain' - not in target list
2026-06-10 16:08:39,487 - INFO - [DEBUG] Dropped job in 'kanpur, uttar pradesh, india' - not in target list
2026-06-10 16:08:39,487 - INFO - [DEBUG] Dropped job in 'barcelona, catalonia, spain' - not in target list
2026-06-10 16:08:39,487 - INFO - [DEBUG] Dropped job in 'mexico' - not in target list
2026-06-10 16:08:39,487 - INFO - [DEBUG] Dropped job in 'memphis, tn' - not in target list
2026-06-10 16:08:39,487 - INFO - [DEBUG] Dropped job in 'sofia, sofia city, bulgaria' - not in target list
2026-06-10 16:08:39,488 - INFO -  [OK] LinkedIn: 41 fetched → 32 new & recent (filtered: 9)
2026-06-10 16:08:52,064 - INFO -  [OK] Naukri: 80 fetched → 7 new & recent (filtered: 73)
2026-06-10 16:08:52,564 - INFO -  [OK] Remotive: 13 fetched → 0 new & recent (filtered: 13)
2026-06-10 16:08:53,851 - INFO -  [OK] WeWorkRemotely: 2 fetched → 0 new & recent (filtered: 2)
2026-06-10 16:08:54,458 - INFO -  [OK] RemoteOK: 0 fetched → 0 new & recent (filtered: 0)
2026-06-10 16:09:03,378 - INFO -   [Sent] Sent 4 new jobs for 'react developer'
2026-06-10 16:09:04,752 - INFO -   [OK] Pushed 'sent_jobs.json' to GitHub.
2026-06-10 16:09:05,794 - INFO -   [OK] Pushed 'last_run.json' to GitHub.
2026-06-10 16:09:05,796 - INFO - 
[Search] [frontend developer] - ['Hyderabad', 'Bangalore', 'Chennai', 'Pune', 'Remote']
2026-06-10 16:09:06,961 - INFO -     [200] https://www.linkedin.com/jobs-guest/jobs/api/seeMoreJobPostings/search?keywords=frontend%2
2026-06-10 16:09:08,336 - INFO -     [200] https://www.linkedin.com/jobs-guest/jobs/api/seeMoreJobPostings/search?keywords=frontend%2
2026-06-10 16:09:09,798 - INFO -     [200] https://www.linkedin.com/jobs-guest/jobs/api/seeMoreJobPostings/search?keywords=frontend%2
2026-06-10 16:09:11,216 - INFO -     [200] https://www.linkedin.com/jobs-guest/jobs/api/seeMoreJobPostings/search?keywords=frontend%2
2026-06-10 16:09:12,691 - INFO -     [200] https://www.linkedin.com/jobs-guest/jobs/api/seeMoreJobPostings/search?keywords=frontend%2
2026-06-10 16:09:12,901 - INFO - [DEBUG] Dropped job in 'united states' - not in target list
2026-06-10 16:09:12,902 - INFO - [DEBUG] Dropped job in 'madrid, community of madrid, spain' - not in target list
2026-06-10 16:09:12,902 - INFO - [DEBUG] Dropped job in 'ontario, canada' - not in target list
2026-06-10 16:09:12,902 - INFO - [DEBUG] Dropped job in 'united states' - not in target list
2026-06-10 16:09:12,902 - INFO - [DEBUG] Dropped job in 'toronto, ontario, canada' - not in target list
2026-06-10 16:09:12,902 - INFO - [DEBUG] Dropped job in 'sofia, sofia city, bulgaria' - not in target list
2026-06-10 16:09:12,902 - INFO - [DEBUG] Dropped job in 'hanover, md' - not in target list
2026-06-10 16:09:12,902 - INFO - [DEBUG] Dropped job in 'barcelona, catalonia, spain' - not in target list
2026-06-10 16:09:12,902 - INFO - [DEBUG] Dropped job in 'hanover, md' - not in target list
2026-06-10 16:09:12,902 - INFO -  [OK] LinkedIn: 17 fetched → 8 new & recent (filtered: 9)
2026-06-10 16:09:24,595 - INFO -  [OK] Naukri: 80 fetched → 2 new & recent (filtered: 78)
2026-06-10 16:09:25,096 - INFO -  [OK] Remotive: 13 fetched → 0 new & recent (filtered: 13)
2026-06-10 16:09:26,340 - INFO -  [OK] WeWorkRemotely: 3 fetched → 0 new & recent (filtered: 3)
2026-06-10 16:09:26,969 - INFO -  [OK] RemoteOK: 0 fetched → 0 new & recent (filtered: 0)
2026-06-10 16:09:27,541 - INFO -   [Sent] Sent 0 new jobs for 'frontend developer'
2026-06-10 16:09:27,541 - INFO - 
[Search] [angular developer] - ['Hyderabad', 'Bangalore', 'Chennai', 'Pune', 'Remote']
2026-06-10 16:09:28,804 - INFO -     [200] https://www.linkedin.com/jobs-guest/jobs/api/seeMoreJobPostings/search?keywords=angular%20
2026-06-10 16:09:30,403 - INFO -     [200] https://www.linkedin.com/jobs-guest/jobs/api/seeMoreJobPostings/search?keywords=angular%20
2026-06-10 16:09:32,013 - INFO -     [200] https://www.linkedin.com/jobs-guest/jobs/api/seeMoreJobPostings/search?keywords=angular%20
2026-06-10 16:09:33,533 - INFO -     [200] https://www.linkedin.com/jobs-guest/jobs/api/seeMoreJobPostings/search?keywords=angular%20
2026-06-10 16:09:35,178 - INFO -     [200] https://www.linkedin.com/jobs-guest/jobs/api/seeMoreJobPostings/search?keywords=angular%20
2026-06-10 16:09:35,389 - INFO - [DEBUG] Dropped job in 'noida, uttar pradesh, india' - not in target list
2026-06-10 16:09:35,389 - INFO - [DEBUG] Dropped job in 'basildon, england, united kingdom' - not in target list
2026-06-10 16:09:35,389 - INFO - [DEBUG] Dropped job in 'kanpur, uttar pradesh, india' - not in target list
2026-06-10 16:09:35,389 - INFO - [DEBUG] Dropped job in 'dallas-fort worth metroplex' - not in target list
2026-06-10 16:09:35,390 - INFO - [DEBUG] Dropped job in 'plano, tx' - not in target list
2026-06-10 16:09:35,390 - INFO - [DEBUG] Dropped job in 'jaipur, rajasthan, india' - not in target list
2026-06-10 16:09:35,390 - INFO -  [OK] LinkedIn: 40 fetched → 34 new & recent (filtered: 6)
2026-06-10 16:09:46,799 - INFO -  [OK] Naukri: 81 fetched → 2 new & recent (filtered: 79)
2026-06-10 16:09:47,300 - INFO -  [OK] Remotive: 2 fetched → 0 new & recent (filtered: 2)
2026-06-10 16:09:48,451 - INFO -  [OK] WeWorkRemotely: 2 fetched → 0 new & recent (filtered: 2)
2026-06-10 16:09:49,061 - INFO -  [OK] RemoteOK: 0 fetched → 0 new & recent (filtered: 0)
2026-06-10 16:09:53,780 - INFO -   [Sent] Sent 2 new jobs for 'angular developer'
2026-06-10 16:09:55,846 - INFO -   [ERROR] Failed to push 'sent_jobs.json' to GitHub: 401 - {
  "message": "Requires authentication",
  "documentation_url": "https://docs.github.com/rest",
  "status": "401"
}
2026-06-10 16:09:57,735 - INFO -   [ERROR] Failed to push 'last_run.json' to GitHub: 401 - {
  "message": "Requires authentication",
  "documentation_url": "https://docs.github.com/rest",
  "status": "401"
}
2026-06-10 16:09:57,736 - INFO - 
[Search] [vue.js developer] - ['Hyderabad', 'Bangalore', 'Chennai', 'Pune', 'Remote']
2026-06-10 16:09:58,772 - INFO -     [200] https://www.linkedin.com/jobs-guest/jobs/api/seeMoreJobPostings/search?keywords=vue.js%20d
2026-06-10 16:10:00,053 - INFO -     [200] https://www.linkedin.com/jobs-guest/jobs/api/seeMoreJobPostings/search?keywords=vue.js%20d
2026-06-10 16:10:01,581 - INFO -     [200] https://www.linkedin.com/jobs-guest/jobs/api/seeMoreJobPostings/search?keywords=vue.js%20d
2026-06-10 16:10:03,195 - INFO -     [200] https://www.linkedin.com/jobs-guest/jobs/api/seeMoreJobPostings/search?keywords=vue.js%20d
2026-06-10 16:10:04,902 - INFO -     [200] https://www.linkedin.com/jobs-guest/jobs/api/seeMoreJobPostings/search?keywords=vue.js%20d
2026-06-10 16:10:05,141 - INFO - [DEBUG] Dropped job in 'united states' - not in target list
2026-06-10 16:10:05,141 - INFO - [DEBUG] Dropped job in 'united states' - not in target list
2026-06-10 16:10:05,141 - INFO - [DEBUG] Dropped job in 'karnataka, india' - not in target list
2026-06-10 16:10:05,141 - INFO - [DEBUG] Dropped job in 'sofia, sofia city, bulgaria' - not in target list
2026-06-10 16:10:05,141 - INFO - [DEBUG] Dropped job in 'karnataka, india' - not in target list
2026-06-10 16:10:05,141 - INFO - [DEBUG] Dropped job in 'kanpur, uttar pradesh, india' - not in target list
2026-06-10 16:10:05,142 - INFO - [DEBUG] Dropped job in 'united states' - not in target list
2026-06-10 16:10:05,142 - INFO - [DEBUG] Dropped job in 'jaipur, rajasthan, india' - not in target list
2026-06-10 16:10:05,142 - INFO - [DEBUG] Dropped job in 'leeds, england, united kingdom' - not in target list
2026-06-10 16:10:05,142 - INFO -  [OK] LinkedIn: 22 fetched → 13 new & recent (filtered: 9)
2026-06-10 16:10:16,438 - INFO -  [OK] Naukri: 76 fetched → 7 new & recent (filtered: 69)
2026-06-10 16:10:16,939 - INFO -  [OK] Remotive: 2 fetched → 0 new & recent (filtered: 2)
2026-06-10 16:10:18,153 - INFO -  [OK] WeWorkRemotely: 2 fetched → 0 new & recent (filtered: 2)
2026-06-10 16:10:18,763 - INFO -  [OK] RemoteOK: 0 fetched → 0 new & recent (filtered: 0)
2026-06-10 16:10:19,263 - INFO -   [Sent] Sent 0 new jobs for 'vue.js developer'
2026-06-10 16:10:19,264 - INFO - 
[Search] [typescript developer] - ['Hyderabad', 'Bangalore', 'Chennai', 'Pune', 'Remote']
2026-06-10 16:10:20,976 - INFO -     [200] https://www.linkedin.com/jobs-guest/jobs/api/seeMoreJobPostings/search?keywords=typescript
2026-06-10 16:10:22,367 - INFO -     [200] https://www.linkedin.com/jobs-guest/jobs/api/seeMoreJobPostings/search?keywords=typescript
2026-06-10 16:10:23,832 - INFO -     [200] https://www.linkedin.com/jobs-guest/jobs/api/seeMoreJobPostings/search?keywords=typescript
2026-06-10 16:10:25,417 - INFO -     [200] https://www.linkedin.com/jobs-guest/jobs/api/seeMoreJobPostings/search?keywords=typescript
2026-06-10 16:10:26,921 - INFO -     [200] https://www.linkedin.com/jobs-guest/jobs/api/seeMoreJobPostings/search?keywords=typescript
2026-06-10 16:10:27,131 - INFO - [DEBUG] Dropped job in 'argentina' - not in target list
2026-06-10 16:10:27,131 - INFO - [DEBUG] Dropped job in 'peoria, il' - not in target list
2026-06-10 16:10:27,131 - INFO - [DEBUG] Dropped job in 'tennessee, united states' - not in target list
2026-06-10 16:10:27,131 - INFO - [DEBUG] Dropped job in 'peoria, il' - not in target list
2026-06-10 16:10:27,131 - INFO - [DEBUG] Dropped job in 'berlin, germany' - not in target list
2026-06-10 16:10:27,131 - INFO - [DEBUG] Dropped job in 'abuja, federal capital territory, nigeria' - not in target list
2026-06-10 16:10:27,132 - INFO - [DEBUG] Dropped job in 'mississippi, united states' - not in target list
2026-06-10 16:10:27,132 - INFO - [DEBUG] Dropped job in 'greater paris metropolitan region' - not in target list
2026-06-10 16:10:27,132 - INFO - [DEBUG] Dropped job in 'canada' - not in target list
2026-06-10 16:10:27,132 - INFO - [DEBUG] Dropped job in 'maryland, united states' - not in target list
2026-06-10 16:10:27,132 - INFO -  [OK] LinkedIn: 30 fetched → 20 new & recent (filtered: 10)
2026-06-10 16:10:38,143 - INFO -  [OK] Naukri: 81 fetched → 21 new & recent (filtered: 60)
2026-06-10 16:10:38,644 - INFO -  [OK] Remotive: 12 fetched → 0 new & recent (filtered: 12)
2026-06-10 16:10:39,943 - INFO -  [OK] WeWorkRemotely: 2 fetched → 0 new & recent (filtered: 2)
2026-06-10 16:10:40,649 - INFO -  [OK] RemoteOK: 0 fetched → 0 new & recent (filtered: 0)
2026-06-10 16:10:43,415 - INFO -   [Sent] Sent 1 new jobs for 'typescript developer'
2026-06-10 16:10:45,454 - INFO -   [ERROR] Failed to push 'sent_jobs.json' to GitHub: 401 - {
  "message": "Requires authentication",
  "documentation_url": "https://docs.github.com/rest",
  "status": "401"
}
2026-06-10 16:10:47,436 - INFO -   [ERROR] Failed to push 'last_run.json' to GitHub: 401 - {
  "message": "Requires authentication",
  "documentation_url": "https://docs.github.com/rest",
  "status": "401"
}
2026-06-10 16:10:48,438 - INFO - 
--------------------------------------------------
2026-06-10 16:10:48,438 - INFO - [Category] Category: DEVOPS | Elapsed: 6.4 min
2026-06-10 16:10:48,439 - INFO - --------------------------------------------------
2026-06-10 16:10:48,439 - INFO - 
[Search] [devops engineer] - ['Hyderabad', 'Bangalore', 'Chennai', 'Pune', 'Remote']
2026-06-10 16:10:49,721 - INFO -     [200] https://www.linkedin.com/jobs-guest/jobs/api/seeMoreJobPostings/search?keywords=devops%20e
2026-06-10 16:10:51,194 - INFO -     [200] https://www.linkedin.com/jobs-guest/jobs/api/seeMoreJobPostings/search?keywords=devops%20e
2026-06-10 16:10:52,712 - INFO -     [200] https://www.linkedin.com/jobs-guest/jobs/api/seeMoreJobPostings/search?keywords=devops%20e
2026-06-10 16:10:54,157 - INFO -     [200] https://www.linkedin.com/jobs-guest/jobs/api/seeMoreJobPostings/search?keywords=devops%20e
2026-06-10 16:10:55,764 - INFO -     [200] https://www.linkedin.com/jobs-guest/jobs/api/seeMoreJobPostings/search?keywords=devops%20e
2026-06-10 16:10:55,977 - INFO - [DEBUG] Dropped job in 'united states' - not in target list
2026-06-10 16:10:55,978 - INFO - [DEBUG] Dropped job in 'tallahassee, fl' - not in target list
2026-06-10 16:10:55,978 - INFO - [DEBUG] Dropped job in 'new york, ny' - not in target list
2026-06-10 16:10:55,978 - INFO - [DEBUG] Dropped job in 'united states' - not in target list
2026-06-10 16:10:55,978 - INFO - [DEBUG] Dropped job in 'cambridge, england, united kingdom' - not in target list
2026-06-10 16:10:55,978 - INFO - [DEBUG] Dropped job in 'dublin, county dublin, ireland' - not in target list
2026-06-10 16:10:55,978 - INFO - [DEBUG] Dropped job in 'raleigh, nc' - not in target list
2026-06-10 16:10:55,978 - INFO - [DEBUG] Dropped job in 'charlotte, nc' - not in target list
2026-06-10 16:10:55,978 - INFO - [DEBUG] Dropped job in 'san francisco bay area' - not in target list
2026-06-10 16:10:55,979 - INFO - [DEBUG] Dropped job in 'leeds, england, united kingdom' - not in target list
2026-06-10 16:10:55,979 - INFO -  [OK] LinkedIn: 44 fetched → 34 new & recent (filtered: 10)
2026-06-10 16:11:08,351 - INFO -  [OK] Naukri: 90 fetched → 3 new & recent (filtered: 87)
2026-06-10 16:11:08,852 - INFO -  [OK] Remotive: 13 fetched → 0 new & recent (filtered: 13)
2026-06-10 16:11:10,051 - INFO -  [OK] WeWorkRemotely: 13 fetched → 0 new & recent (filtered: 13)
2026-06-10 16:11:10,740 - INFO -  [OK] RemoteOK: 0 fetched → 0 new & recent (filtered: 0)
2026-06-10 16:11:17,581 - INFO -   [Sent] Sent 3 new jobs for 'devops engineer'
2026-06-10 16:11:19,322 - INFO -   [OK] Pushed 'sent_jobs.json' to GitHub.
2026-06-10 16:11:20,533 - INFO -   [OK] Pushed 'last_run.json' to GitHub.
2026-06-10 16:11:20,535 - INFO - 
[Search] [cloud engineer] - ['Hyderabad', 'Bangalore', 'Chennai', 'Pune', 'Remote']
2026-06-10 16:11:21,837 - INFO -     [200] https://www.linkedin.com/jobs-guest/jobs/api/seeMoreJobPostings/search?keywords=cloud%20en
2026-06-10 16:11:23,560 - INFO -     [200] https://www.linkedin.com/jobs-guest/jobs/api/seeMoreJobPostings/search?keywords=cloud%20en
2026-06-10 16:11:25,148 - INFO -     [200] https://www.linkedin.com/jobs-guest/jobs/api/seeMoreJobPostings/search?keywords=cloud%20en
2026-06-10 16:11:26,892 - INFO -     [200] https://www.linkedin.com/jobs-guest/jobs/api/seeMoreJobPostings/search?keywords=cloud%20en
2026-06-10 16:11:28,269 - INFO -     [200] https://www.linkedin.com/jobs-guest/jobs/api/seeMoreJobPostings/search?keywords=cloud%20en
2026-06-10 16:11:28,479 - INFO - [DEBUG] Dropped job in 'st louis, mo' - not in target list
2026-06-10 16:11:28,480 - INFO - [DEBUG] Dropped job in 'birmingham, al' - not in target list
2026-06-10 16:11:28,480 - INFO - [DEBUG] Dropped job in 'lehi, ut' - not in target list
2026-06-10 16:11:28,480 - INFO - [DEBUG] Dropped job in 'san diego, ca' - not in target list
2026-06-10 16:11:28,480 - INFO - [DEBUG] Dropped job in 'troy, mi' - not in target list
2026-06-10 16:11:28,480 - INFO - [DEBUG] Dropped job in 'chicago, il' - not in target list
2026-06-10 16:11:28,480 - INFO - [DEBUG] Dropped job in 'lehi, ut' - not in target list
2026-06-10 16:11:28,480 - INFO - [DEBUG] Dropped job in 'redlands, ca' - not in target list
2026-06-10 16:11:28,480 - INFO - [DEBUG] Dropped job in 'berlin, berlin, germany' - not in target list
2026-06-10 16:11:28,480 - INFO - [DEBUG] Dropped job in 'wilmington, de' - not in target list
2026-06-10 16:11:28,480 - INFO -  [OK] LinkedIn: 50 fetched → 40 new & recent (filtered: 10)
2026-06-10 16:11:41,170 - INFO -  [OK] Naukri: 88 fetched → 4 new & recent (filtered: 84)
2026-06-10 16:11:41,671 - INFO -  [OK] Remotive: 13 fetched → 0 new & recent (filtered: 13)
2026-06-10 16:11:42,953 - INFO -  [OK] WeWorkRemotely: 13 fetched → 0 new & recent (filtered: 13)
2026-06-10 16:11:43,566 - INFO -  [OK] RemoteOK: 0 fetched → 0 new & recent (filtered: 0)
2026-06-10 16:12:09,574 - INFO -   [Sent] Sent 12 new jobs for 'cloud engineer'
2026-06-10 16:12:11,096 - INFO -   [OK] Pushed 'sent_jobs.json' to GitHub.
2026-06-10 16:12:12,238 - INFO -   [OK] Pushed 'last_run.json' to GitHub.
2026-06-10 16:12:12,239 - INFO - 
[Search] [site reliability engineer] - ['Hyderabad', 'Bangalore', 'Chennai', 'Pune', 'Remote']
2026-06-10 16:12:13,680 - INFO -     [200] https://www.linkedin.com/jobs-guest/jobs/api/seeMoreJobPostings/search?keywords=site%20rel
2026-06-10 16:12:15,305 - INFO -     [200] https://www.linkedin.com/jobs-guest/jobs/api/seeMoreJobPostings/search?keywords=site%20rel
2026-06-10 16:12:16,743 - INFO -     [200] https://www.linkedin.com/jobs-guest/jobs/api/seeMoreJobPostings/search?keywords=site%20rel
2026-06-10 16:12:18,265 - INFO -     [200] https://www.linkedin.com/jobs-guest/jobs/api/seeMoreJobPostings/search?keywords=site%20rel
2026-06-10 16:12:19,561 - INFO -     [429] https://www.linkedin.com/jobs-guest/jobs/api/seeMoreJobPostings/search?keywords=site%20rel
2026-06-10 16:12:19,765 - INFO -  [OK] LinkedIn: 40 fetched → 40 new & recent (filtered: 0)
2026-06-10 16:12:32,329 - INFO -  [OK] Naukri: 86 fetched → 8 new & recent (filtered: 78)
2026-06-10 16:12:32,830 - INFO -  [OK] Remotive: 13 fetched → 0 new & recent (filtered: 13)
2026-06-10 16:12:34,243 - INFO -  [OK] WeWorkRemotely: 14 fetched → 0 new & recent (filtered: 14)
2026-06-10 16:12:34,862 - INFO -  [OK] RemoteOK: 0 fetched → 0 new & recent (filtered: 0)
2026-06-10 16:12:58,746 - INFO -   [Sent] Sent 11 new jobs for 'site reliability engineer'
2026-06-10 16:13:00,923 - INFO -   [ERROR] Failed to push 'sent_jobs.json' to GitHub: 401 - {
  "message": "Requires authentication",
  "documentation_url": "https://docs.github.com/rest",
  "status": "401"
}
2026-06-10 16:13:02,951 - INFO -   [ERROR] Failed to push 'last_run.json' to GitHub: 401 - {
  "message": "Requires authentication",
  "documentation_url": "https://docs.github.com/rest",
  "status": "401"
}
2026-06-10 16:13:02,953 - INFO - 
[Search] [platform engineer] - ['Hyderabad', 'Bangalore', 'Chennai', 'Pune', 'Remote']
2026-06-10 16:13:04,528 - INFO -     [200] https://www.linkedin.com/jobs-guest/jobs/api/seeMoreJobPostings/search?keywords=platform%2
2026-06-10 16:13:06,194 - INFO -     [200] https://www.linkedin.com/jobs-guest/jobs/api/seeMoreJobPostings/search?keywords=platform%2
2026-06-10 16:13:07,707 - INFO -     [200] https://www.linkedin.com/jobs-guest/jobs/api/seeMoreJobPostings/search?keywords=platform%2
2026-06-10 16:13:09,189 - INFO -     [200] https://www.linkedin.com/jobs-guest/jobs/api/seeMoreJobPostings/search?keywords=platform%2
2026-06-10 16:13:10,862 - INFO -     [200] https://www.linkedin.com/jobs-guest/jobs/api/seeMoreJobPostings/search?keywords=platform%2
2026-06-10 16:13:11,072 - INFO - [DEBUG] Dropped job in 'riyadh, saudi arabia' - not in target list
2026-06-10 16:13:11,072 - INFO - [DEBUG] Dropped job in 'tallahassee, fl' - not in target list
2026-06-10 16:13:11,072 - INFO - [DEBUG] Dropped job in 'united states' - not in target list
2026-06-10 16:13:11,072 - INFO - [DEBUG] Dropped job in 'london area, united kingdom' - not in target list
2026-06-10 16:13:11,072 - INFO - [DEBUG] Dropped job in 'united states' - not in target list
2026-06-10 16:13:11,073 - INFO - [DEBUG] Dropped job in 'bexley, england, united kingdom' - not in target list
2026-06-10 16:13:11,073 - INFO - [DEBUG] Dropped job in 'united states' - not in target list
2026-06-10 16:13:11,073 - INFO - [DEBUG] Dropped job in 'united kingdom' - not in target list
2026-06-10 16:13:11,073 - INFO - [DEBUG] Dropped job in 'new york, ny' - not in target list
2026-06-10 16:13:11,073 - INFO - [DEBUG] Dropped job in 'london area, united kingdom' - not in target list
2026-06-10 16:13:11,073 - INFO -  [OK] LinkedIn: 45 fetched → 35 new & recent (filtered: 10)
2026-06-10 16:13:23,830 - INFO -  [OK] Naukri: 93 fetched → 10 new & recent (filtered: 83)
2026-06-10 16:13:24,331 - INFO -  [OK] Remotive: 13 fetched → 0 new & recent (filtered: 13)
2026-06-10 16:13:25,648 - INFO -  [OK] WeWorkRemotely: 16 fetched → 0 new & recent (filtered: 16)
2026-06-10 16:13:26,259 - INFO -  [OK] RemoteOK: 0 fetched → 0 new & recent (filtered: 0)
2026-06-10 16:13:37,301 - INFO -   [Sent] Sent 5 new jobs for 'platform engineer'
2026-06-10 16:13:39,183 - INFO -   [OK] Pushed 'sent_jobs.json' to GitHub.
2026-06-10 16:13:40,292 - INFO -   [OK] Pushed 'last_run.json' to GitHub.
2026-06-10 16:13:40,295 - INFO - 
[Search] [kubernetes engineer] - ['Hyderabad', 'Bangalore', 'Chennai', 'Pune', 'Remote']
2026-06-10 16:13:41,694 - INFO -     [200] https://www.linkedin.com/jobs-guest/jobs/api/seeMoreJobPostings/search?keywords=kubernetes
2026-06-10 16:13:43,053 - INFO -     [200] https://www.linkedin.com/jobs-guest/jobs/api/seeMoreJobPostings/search?keywords=kubernetes
2026-06-10 16:13:44,740 - INFO -     [200] https://www.linkedin.com/jobs-guest/jobs/api/seeMoreJobPostings/search?keywords=kubernetes
2026-06-10 16:13:46,359 - INFO -     [200] https://www.linkedin.com/jobs-guest/jobs/api/seeMoreJobPostings/search?keywords=kubernetes
2026-06-10 16:13:47,588 - INFO -     [429] https://www.linkedin.com/jobs-guest/jobs/api/seeMoreJobPostings/search?keywords=kubernetes
2026-06-10 16:13:47,791 - INFO -  [OK] LinkedIn: 24 fetched → 24 new & recent (filtered: 0)
2026-06-10 16:13:59,256 - INFO -  [OK] Naukri: 68 fetched → 4 new & recent (filtered: 64)
2026-06-10 16:13:59,757 - INFO -  [OK] Remotive: 13 fetched → 0 new & recent (filtered: 13)
2026-06-10 16:14:01,149 - INFO -  [OK] WeWorkRemotely: 13 fetched → 0 new & recent (filtered: 13)
2026-06-10 16:14:01,765 - INFO -  [OK] RemoteOK: 0 fetched → 0 new & recent (filtered: 0)
2026-06-10 16:14:10,809 - INFO -   [Sent] Sent 4 new jobs for 'kubernetes engineer'
2026-06-10 16:14:12,976 - INFO -   [OK] Pushed 'sent_jobs.json' to GitHub.
2026-06-10 16:14:14,474 - INFO -   [OK] Pushed 'last_run.json' to GitHub.
2026-06-10 16:14:17,095 - INFO -   [OK] Pushed 'sent_jobs.json' to GitHub.
2026-06-10 16:14:18,200 - INFO -   [OK] Pushed 'last_run.json' to GitHub.
2026-06-10 16:14:18,202 - INFO - 
==================================================
2026-06-10 16:14:18,202 - INFO - [OK] Run complete. Total new jobs sent: 84
2026-06-10 16:14:18,203 - INFO - ==================================================
============================================================
[RUN END] exit code: 0
============================================================
2026-06-10 16:34:19,712 - INFO - [startup] Pulled 3000 log lines from GitHub.
============================================================
[RUN START] 2026-06-10 16:34:22 UTC
============================================================
2026-06-10 16:34:23,292 - INFO - [OK] Config OK - 3 active categories, 16 keywords total
2026-06-10 16:34:23,690 - INFO - 
============================================================
2026-06-10 16:34:23,690 - INFO - [STARTUP] ENV VAR CHECK
2026-06-10 16:34:23,691 - INFO - ============================================================
2026-06-10 16:34:23,691 - INFO -   [OK]     SST_BOT_TOKEN = ***wE1Y
2026-06-10 16:34:23,691 - INFO -   [OK]     SST_BACKEND_JOBS_CHAT_ID = ***1312
2026-06-10 16:34:23,691 - INFO -   [OK]     SST_FRONTEND_JOBS_CHAT_ID = ***8207
2026-06-10 16:34:23,691 - INFO -   [OK]     SST_DEVOPS_JOBS_CHAT_ID = ***1587
2026-06-10 16:34:23,691 - INFO -   [OK]     GITHUB_TOKEN = ***IB17
2026-06-10 16:34:23,691 - INFO -   [OK]     GITHUB_REPO = ***-bot
2026-06-10 16:34:23,691 - INFO -   [OK]     SCRAPER_API_KEY = ***nK5Z
2026-06-10 16:34:23,691 - INFO - ============================================================
2026-06-10 16:34:24,099 - INFO - [OK] Successfully pulled sent_jobs.json from GitHub.
2026-06-10 16:34:24,392 - INFO - [OK] Successfully pulled last_run.json from GitHub.
2026-06-10 16:34:24,396 - INFO - 
[Time] Last run: 2026-06-10 21:44:17.098711+05:30
2026-06-10 16:34:24,396 - INFO - [State] Already sent: 5000 job IDs
2026-06-10 16:34:24,396 - INFO - 
--------------------------------------------------
2026-06-10 16:34:24,396 - INFO - [Category] Category: BACKEND | Elapsed: 0.0 min
2026-06-10 16:34:24,396 - INFO - --------------------------------------------------
2026-06-10 16:34:24,396 - INFO - 
[Search] [python developer] - ['Hyderabad', 'Bangalore', 'Chennai', 'Pune', 'Remote']
2026-06-10 16:34:25,994 - INFO -     [200] https://www.linkedin.com/jobs-guest/jobs/api/seeMoreJobPostings/search?keywords=python%20d
2026-06-10 16:34:28,934 - INFO -     [200] https://www.linkedin.com/jobs-guest/jobs/api/seeMoreJobPostings/search?keywords=python%20d
2026-06-10 16:34:30,391 - INFO -     [200] https://www.linkedin.com/jobs-guest/jobs/api/seeMoreJobPostings/search?keywords=python%20d
2026-06-10 16:34:32,109 - INFO -     [200] https://www.linkedin.com/jobs-guest/jobs/api/seeMoreJobPostings/search?keywords=python%20d
2026-06-10 16:34:33,730 - INFO -     [200] https://www.linkedin.com/jobs-guest/jobs/api/seeMoreJobPostings/search?keywords=python%20d
2026-06-10 16:34:33,941 - INFO - [DEBUG] Dropped job in 'velachery, tamil nadu, india' - not in target list
2026-06-10 16:34:33,941 - INFO - [DEBUG] Dropped job in 'london, england, united kingdom' - not in target list
2026-06-10 16:34:33,941 - INFO - [DEBUG] Dropped job in 'cracow, małopolskie, poland' - not in target list
2026-06-10 16:34:33,942 - INFO - [DEBUG] Dropped job in 'united states' - not in target list
2026-06-10 16:34:33,942 - INFO - [DEBUG] Dropped job in 'austin, tx' - not in target list
2026-06-10 16:34:33,942 - INFO - [DEBUG] Dropped job in 'london area, united kingdom' - not in target list
2026-06-10 16:34:33,942 - INFO - [DEBUG] Dropped job in 'toronto, ontario, canada' - not in target list
2026-06-10 16:34:33,942 - INFO - [DEBUG] Dropped job in 'riga, riga, latvia' - not in target list
2026-06-10 16:34:33,942 - INFO - [DEBUG] Dropped job in 'london area, united kingdom' - not in target list
2026-06-10 16:34:33,942 - INFO - [DEBUG] Dropped job in 'stockholm, stockholm county, sweden' - not in target list
2026-06-10 16:34:33,942 - INFO -  [OK] LinkedIn: 49 fetched → 39 new & recent (filtered: 10)
2026-06-10 16:34:46,408 - INFO -  [OK] Naukri: 82 fetched → 25 new & recent (filtered: 57)
2026-06-10 16:34:47,020 - INFO -     [Remotive] Cached 28 total jobs
2026-06-10 16:34:47,021 - INFO -  [OK] Remotive: 2 fetched → 0 new & recent (filtered: 2)
2026-06-10 16:34:48,304 - INFO -  [OK] WeWorkRemotely: 3 fetched → 0 new & recent (filtered: 3)
2026-06-10 16:34:48,911 - INFO -  [OK] RemoteOK: 0 fetched → 0 new & recent (filtered: 0)
2026-06-10 16:35:13,004 - INFO -   [Sent] Sent 11 new jobs for 'python developer'
2026-06-10 16:35:14,572 - INFO -   [OK] Pushed 'sent_jobs.json' to GitHub.
2026-06-10 16:35:15,705 - INFO -   [OK] Pushed 'last_run.json' to GitHub.
2026-06-10 16:35:15,708 - INFO - 
[Search] [java developer] - ['Hyderabad', 'Bangalore', 'Chennai', 'Pune', 'Remote']
2026-06-10 16:35:17,059 - INFO -     [200] https://www.linkedin.com/jobs-guest/jobs/api/seeMoreJobPostings/search?keywords=java%20dev
2026-06-10 16:35:18,908 - INFO -     [200] https://www.linkedin.com/jobs-guest/jobs/api/seeMoreJobPostings/search?keywords=java%20dev
2026-06-10 16:35:20,795 - INFO -     [200] https://www.linkedin.com/jobs-guest/jobs/api/seeMoreJobPostings/search?keywords=java%20dev
2026-06-10 16:35:22,504 - INFO -     [200] https://www.linkedin.com/jobs-guest/jobs/api/seeMoreJobPostings/search?keywords=java%20dev
2026-06-10 16:35:23,392 - INFO -     [200] https://www.linkedin.com/jobs-guest/jobs/api/seeMoreJobPostings/search?keywords=java%20dev
2026-06-10 16:35:23,605 - INFO - [DEBUG] Dropped job in 'united states' - not in target list
2026-06-10 16:35:23,606 - INFO - [DEBUG] Dropped job in 'toronto, ontario, canada' - not in target list
2026-06-10 16:35:23,606 - INFO - [DEBUG] Dropped job in 'london, england, united kingdom' - not in target list
2026-06-10 16:35:23,606 - INFO - [DEBUG] Dropped job in 'new york, united states' - not in target list
2026-06-10 16:35:23,606 - INFO - [DEBUG] Dropped job in 'london, england, united kingdom' - not in target list
2026-06-10 16:35:23,606 - INFO - [DEBUG] Dropped job in 'pennsylvania, united states' - not in target list
2026-06-10 16:35:23,606 - INFO - [DEBUG] Dropped job in 'fremont, ca' - not in target list
2026-06-10 16:35:23,606 - INFO - [DEBUG] Dropped job in 'ternopil, ternopil, ukraine' - not in target list
2026-06-10 16:35:23,606 - INFO - [DEBUG] Dropped job in 'deerfield, il' - not in target list
2026-06-10 16:35:23,606 - INFO - [DEBUG] Dropped job in 'warsaw, mazowieckie, poland' - not in target list
2026-06-10 16:35:23,606 - INFO -  [OK] LinkedIn: 50 fetched → 40 new & recent (filtered: 10)
2026-06-10 16:35:36,315 - INFO -  [OK] Naukri: 67 fetched → 19 new & recent (filtered: 48)
2026-06-10 16:35:36,815 - INFO -  [OK] Remotive: 3 fetched → 0 new & recent (filtered: 3)
2026-06-10 16:35:38,195 - INFO -  [OK] WeWorkRemotely: 2 fetched → 0 new & recent (filtered: 2)
2026-06-10 16:35:38,815 - INFO -  [OK] RemoteOK: 0 fetched → 0 new & recent (filtered: 0)
2026-06-10 16:36:06,909 - INFO -   [Sent] Sent 13 new jobs for 'java developer'
2026-06-10 16:36:08,534 - INFO -   [OK] Pushed 'sent_jobs.json' to GitHub.
2026-06-10 16:36:09,653 - INFO -   [OK] Pushed 'last_run.json' to GitHub.
2026-06-10 16:36:09,655 - INFO - 
[Search] [node.js developer] - ['Hyderabad', 'Bangalore', 'Chennai', 'Pune', 'Remote']
2026-06-10 16:36:11,188 - INFO -     [200] https://www.linkedin.com/jobs-guest/jobs/api/seeMoreJobPostings/search?keywords=node.js%20
2026-06-10 16:36:13,060 - INFO -     [200] https://www.linkedin.com/jobs-guest/jobs/api/seeMoreJobPostings/search?keywords=node.js%20
2026-06-10 16:36:14,557 - INFO -     [200] https://www.linkedin.com/jobs-guest/jobs/api/seeMoreJobPostings/search?keywords=node.js%20
2026-06-10 16:36:16,316 - INFO -     [200] https://www.linkedin.com/jobs-guest/jobs/api/seeMoreJobPostings/search?keywords=node.js%20
2026-06-10 16:36:17,900 - INFO -     [200] https://www.linkedin.com/jobs-guest/jobs/api/seeMoreJobPostings/search?keywords=node.js%20
2026-06-10 16:36:18,389 - INFO - [DEBUG] Dropped job in 'singapore, singapore' - not in target list
2026-06-10 16:36:18,390 - INFO - [DEBUG] Dropped job in 'manila, national capital region, philippines' - not in target list
2026-06-10 16:36:18,390 - INFO - [DEBUG] Dropped job in 'dallas, tx' - not in target list
2026-06-10 16:36:18,390 - INFO - [DEBUG] Dropped job in 'dallas, tx' - not in target list
2026-06-10 16:36:18,390 - INFO - [DEBUG] Dropped job in 'halawa heights, hi' - not in target list
2026-06-10 16:36:18,390 - INFO - [DEBUG] Dropped job in 'riyadh region' - not in target list
2026-06-10 16:36:18,390 - INFO - [DEBUG] Dropped job in 'india' - not in target list
2026-06-10 16:36:18,390 - INFO - [DEBUG] Dropped job in 'united states' - not in target list
2026-06-10 16:36:18,390 - INFO -  [OK] LinkedIn: 49 fetched → 41 new & recent (filtered: 8)
2026-06-10 16:36:30,553 - INFO -  [OK] Naukri: 76 fetched → 5 new & recent (filtered: 71)
2026-06-10 16:36:31,053 - INFO -  [OK] Remotive: 2 fetched → 0 new & recent (filtered: 2)
2026-06-10 16:36:32,493 - INFO -  [OK] WeWorkRemotely: 2 fetched → 0 new & recent (filtered: 2)
2026-06-10 16:36:33,188 - INFO -  [OK] RemoteOK: 0 fetched → 0 new & recent (filtered: 0)
2026-06-10 16:36:46,521 - INFO -   [Sent] Sent 6 new jobs for 'node.js developer'
2026-06-10 16:36:48,255 - INFO -   [OK] Pushed 'sent_jobs.json' to GitHub.
2026-06-10 16:36:49,431 - INFO -   [OK] Pushed 'last_run.json' to GitHub.
2026-06-10 16:36:49,433 - INFO - 
[Search] [backend developer] - ['Hyderabad', 'Bangalore', 'Chennai', 'Pune', 'Remote']
2026-06-10 16:36:51,031 - INFO -     [200] https://www.linkedin.com/jobs-guest/jobs/api/seeMoreJobPostings/search?keywords=backend%20
2026-06-10 16:36:52,674 - INFO -     [200] https://www.linkedin.com/jobs-guest/jobs/api/seeMoreJobPostings/search?keywords=backend%20
2026-06-10 16:36:54,495 - INFO -     [200] https://www.linkedin.com/jobs-guest/jobs/api/seeMoreJobPostings/search?keywords=backend%20
2026-06-10 16:36:56,212 - INFO -     [200] https://www.linkedin.com/jobs-guest/jobs/api/seeMoreJobPostings/search?keywords=backend%20
2026-06-10 16:36:58,202 - INFO -     [200] https://www.linkedin.com/jobs-guest/jobs/api/seeMoreJobPostings/search?keywords=backend%20
2026-06-10 16:36:58,413 - INFO - [DEBUG] Dropped job in 'velachery, tamil nadu, india' - not in target list
2026-06-10 16:36:58,413 - INFO - [DEBUG] Dropped job in 'montreal, quebec, canada' - not in target list
2026-06-10 16:36:58,414 - INFO - [DEBUG] Dropped job in 'toronto, ontario, canada' - not in target list
2026-06-10 16:36:58,414 - INFO - [DEBUG] Dropped job in 'dublin, county dublin, ireland' - not in target list
2026-06-10 16:36:58,414 - INFO - [DEBUG] Dropped job in 'tallinn, harjumaa, estonia' - not in target list
2026-06-10 16:36:58,414 - INFO - [DEBUG] Dropped job in 'worldwide mission, grand bassa county, liberia' - not in target list
2026-06-10 16:36:58,414 - INFO - [DEBUG] Dropped job in 'london, england, united kingdom' - not in target list
2026-06-10 16:36:58,414 - INFO - [DEBUG] Dropped job in 'riga, riga, latvia' - not in target list
2026-06-10 16:36:58,414 - INFO - [DEBUG] Dropped job in 'reading, england, united kingdom' - not in target list
2026-06-10 16:36:58,414 - INFO - [DEBUG] Dropped job in 'vancouver, british columbia, canada' - not in target list
2026-06-10 16:36:58,414 - INFO - [DEBUG] Dropped job in 'melbourne, victoria, australia' - not in target list
2026-06-10 16:36:58,414 - INFO -  [OK] LinkedIn: 49 fetched → 38 new & recent (filtered: 11)
2026-06-10 16:37:12,035 - INFO -  [OK] Naukri: 91 fetched → 6 new & recent (filtered: 85)
2026-06-10 16:37:12,536 - INFO -  [OK] Remotive: 12 fetched → 0 new & recent (filtered: 12)
2026-06-10 16:37:14,100 - INFO -  [OK] WeWorkRemotely: 3 fetched → 0 new & recent (filtered: 3)
2026-06-10 16:37:14,708 - INFO -  [OK] RemoteOK: 0 fetched → 0 new & recent (filtered: 0)
2026-06-10 16:37:17,432 - INFO -   [Sent] Sent 1 new jobs for 'backend developer'
2026-06-10 16:37:19,258 - INFO -   [OK] Pushed 'sent_jobs.json' to GitHub.
2026-06-10 16:37:20,312 - INFO -   [OK] Pushed 'last_run.json' to GitHub.
2026-06-10 16:37:20,314 - INFO - 
[Search] [golang developer] - ['Hyderabad', 'Bangalore', 'Chennai', 'Pune', 'Remote']
2026-06-10 16:37:21,859 - INFO -     [200] https://www.linkedin.com/jobs-guest/jobs/api/seeMoreJobPostings/search?keywords=golang%20d
2026-06-10 16:37:23,596 - INFO -     [200] https://www.linkedin.com/jobs-guest/jobs/api/seeMoreJobPostings/search?keywords=golang%20d
2026-06-10 16:37:25,292 - INFO -     [200] https://www.linkedin.com/jobs-guest/jobs/api/seeMoreJobPostings/search?keywords=golang%20d
2026-06-10 16:37:27,100 - INFO -     [200] https://www.linkedin.com/jobs-guest/jobs/api/seeMoreJobPostings/search?keywords=golang%20d
2026-06-10 16:37:28,845 - INFO -     [200] https://www.linkedin.com/jobs-guest/jobs/api/seeMoreJobPostings/search?keywords=golang%20d
2026-06-10 16:37:29,057 - INFO - [DEBUG] Dropped job in 'argentina' - not in target list
2026-06-10 16:37:29,057 - INFO - [DEBUG] Dropped job in 'dallas-fort worth metroplex' - not in target list
2026-06-10 16:37:29,057 - INFO - [DEBUG] Dropped job in 'brea, ca' - not in target list
2026-06-10 16:37:29,057 - INFO - [DEBUG] Dropped job in 'united kingdom' - not in target list
2026-06-10 16:37:29,057 - INFO - [DEBUG] Dropped job in 'new jersey, united states' - not in target list
2026-06-10 16:37:29,057 - INFO - [DEBUG] Dropped job in 'united kingdom' - not in target list
2026-06-10 16:37:29,057 - INFO - [DEBUG] Dropped job in 'kentucky, united states' - not in target list
2026-06-10 16:37:29,057 - INFO - [DEBUG] Dropped job in 'mississippi, united states' - not in target list
2026-06-10 16:37:29,057 - INFO - [DEBUG] Dropped job in 'toronto, ontario, canada' - not in target list
2026-06-10 16:37:29,057 - INFO - [DEBUG] Dropped job in 'phoenix, az' - not in target list
2026-06-10 16:37:29,058 - INFO -  [OK] LinkedIn: 30 fetched → 20 new & recent (filtered: 10)
2026-06-10 16:37:41,695 - INFO -  [OK] Naukri: 92 fetched → 7 new & recent (filtered: 85)
2026-06-10 16:37:42,196 - INFO -  [OK] Remotive: 2 fetched → 0 new & recent (filtered: 2)
2026-06-10 16:37:43,692 - INFO -  [OK] WeWorkRemotely: 2 fetched → 0 new & recent (filtered: 2)
2026-06-10 16:37:44,407 - INFO -  [OK] RemoteOK: 0 fetched → 0 new & recent (filtered: 0)
2026-06-10 16:38:01,908 - INFO -   [Sent] Sent 8 new jobs for 'golang developer'
2026-06-10 16:38:03,459 - INFO -   [OK] Pushed 'sent_jobs.json' to GitHub.
2026-06-10 16:38:04,635 - INFO -   [OK] Pushed 'last_run.json' to GitHub.
2026-06-10 16:38:04,637 - INFO - 
[Search] [rust developer] - ['Hyderabad', 'Bangalore', 'Chennai', 'Pune', 'Remote']
2026-06-10 16:38:06,207 - INFO -     [200] https://www.linkedin.com/jobs-guest/jobs/api/seeMoreJobPostings/search?keywords=rust%20dev
2026-06-10 16:38:07,818 - INFO -     [200] https://www.linkedin.com/jobs-guest/jobs/api/seeMoreJobPostings/search?keywords=rust%20dev
2026-06-10 16:38:09,350 - INFO -     [200] https://www.linkedin.com/jobs-guest/jobs/api/seeMoreJobPostings/search?keywords=rust%20dev
2026-06-10 16:38:10,718 - INFO -     [200] https://www.linkedin.com/jobs-guest/jobs/api/seeMoreJobPostings/search?keywords=rust%20dev
2026-06-10 16:38:12,361 - INFO -     [200] https://www.linkedin.com/jobs-guest/jobs/api/seeMoreJobPostings/search?keywords=rust%20dev
2026-06-10 16:38:12,572 - INFO - [DEBUG] Dropped job in 'new jersey, united states' - not in target list
2026-06-10 16:38:12,572 - INFO - [DEBUG] Dropped job in 'kentucky, united states' - not in target list
2026-06-10 16:38:12,572 - INFO - [DEBUG] Dropped job in 'mississippi, united states' - not in target list
2026-06-10 16:38:12,572 - INFO - [DEBUG] Dropped job in 'brussels, brussels region, belgium' - not in target list
2026-06-10 16:38:12,572 - INFO - [DEBUG] Dropped job in 'brea, ca' - not in target list
2026-06-10 16:38:12,572 - INFO - [DEBUG] Dropped job in 'philadelphia, pa' - not in target list
2026-06-10 16:38:12,572 - INFO - [DEBUG] Dropped job in 'johnston, ri' - not in target list
2026-06-10 16:38:12,573 - INFO - [DEBUG] Dropped job in 'london area, united kingdom' - not in target list
2026-06-10 16:38:12,573 - INFO - [DEBUG] Dropped job in 'herndon, va' - not in target list
2026-06-10 16:38:12,573 - INFO - [DEBUG] Dropped job in 'pasig, national capital region, philippines' - not in target list
2026-06-10 16:38:12,573 - INFO -  [OK] LinkedIn: 30 fetched → 20 new & recent (filtered: 10)
2026-06-10 16:38:23,829 - INFO -  [OK] Naukri: 22 fetched → 2 new & recent (filtered: 20)
2026-06-10 16:38:24,330 - INFO -  [OK] Remotive: 2 fetched → 0 new & recent (filtered: 2)
2026-06-10 16:38:25,694 - INFO -  [OK] WeWorkRemotely: 2 fetched → 0 new & recent (filtered: 2)
2026-06-10 16:38:26,396 - INFO -  [OK] RemoteOK: 0 fetched → 0 new & recent (filtered: 0)
2026-06-10 16:38:26,896 - INFO -   [Sent] Sent 0 new jobs for 'rust developer'
2026-06-10 16:38:27,897 - INFO - 
--------------------------------------------------
2026-06-10 16:38:27,897 - INFO - [Category] Category: FRONTEND | Elapsed: 4.1 min
2026-06-10 16:38:27,897 - INFO - --------------------------------------------------
2026-06-10 16:38:27,897 - INFO - 
[Search] [react developer] - ['Hyderabad', 'Bangalore', 'Chennai', 'Pune', 'Remote']
2026-06-10 16:38:29,318 - INFO -     [200] https://www.linkedin.com/jobs-guest/jobs/api/seeMoreJobPostings/search?keywords=react%20de
2026-06-10 16:38:30,872 - INFO -     [200] https://www.linkedin.com/jobs-guest/jobs/api/seeMoreJobPostings/search?keywords=react%20de
2026-06-10 16:38:32,482 - INFO -     [200] https://www.linkedin.com/jobs-guest/jobs/api/seeMoreJobPostings/search?keywords=react%20de
2026-06-10 16:38:34,467 - INFO -     [200] https://www.linkedin.com/jobs-guest/jobs/api/seeMoreJobPostings/search?keywords=react%20de
2026-06-10 16:38:36,097 - INFO -     [200] https://www.linkedin.com/jobs-guest/jobs/api/seeMoreJobPostings/search?keywords=react%20de
2026-06-10 16:38:36,389 - INFO - [DEBUG] Dropped job in 'india' - not in target list
2026-06-10 16:38:36,389 - INFO - [DEBUG] Dropped job in 'argentina' - not in target list
2026-06-10 16:38:36,389 - INFO - [DEBUG] Dropped job in 'london, england, united kingdom' - not in target list
2026-06-10 16:38:36,389 - INFO - [DEBUG] Dropped job in 'united states' - not in target list
2026-06-10 16:38:36,389 - INFO - [DEBUG] Dropped job in 'ontario, canada' - not in target list
2026-06-10 16:38:36,389 - INFO - [DEBUG] Dropped job in 'madrid, community of madrid, spain' - not in target list
2026-06-10 16:38:36,390 - INFO - [DEBUG] Dropped job in 'manila, national capital region, philippines' - not in target list
2026-06-10 16:38:36,390 - INFO - [DEBUG] Dropped job in 'riyadh region' - not in target list
2026-06-10 16:38:36,390 - INFO -  [OK] LinkedIn: 43 fetched → 35 new & recent (filtered: 8)
2026-06-10 16:38:48,399 - INFO -  [OK] Naukri: 80 fetched → 7 new & recent (filtered: 73)
2026-06-10 16:38:48,900 - INFO -  [OK] Remotive: 13 fetched → 0 new & recent (filtered: 13)
2026-06-10 16:38:50,395 - INFO -  [OK] WeWorkRemotely: 2 fetched → 0 new & recent (filtered: 2)
2026-06-10 16:38:51,095 - INFO -  [OK] RemoteOK: 0 fetched → 0 new & recent (filtered: 0)
2026-06-10 16:38:51,596 - INFO -   [Sent] Sent 0 new jobs for 'react developer'
2026-06-10 16:38:51,596 - INFO - 
[Search] [frontend developer] - ['Hyderabad', 'Bangalore', 'Chennai', 'Pune', 'Remote']
2026-06-10 16:38:52,893 - INFO -     [200] https://www.linkedin.com/jobs-guest/jobs/api/seeMoreJobPostings/search?keywords=frontend%2
2026-06-10 16:38:54,563 - INFO -     [200] https://www.linkedin.com/jobs-guest/jobs/api/seeMoreJobPostings/search?keywords=frontend%2
2026-06-10 16:38:55,920 - INFO -     [200] https://www.linkedin.com/jobs-guest/jobs/api/seeMoreJobPostings/search?keywords=frontend%2
2026-06-10 16:38:57,436 - INFO -     [200] https://www.linkedin.com/jobs-guest/jobs/api/seeMoreJobPostings/search?keywords=frontend%2
2026-06-10 16:38:58,979 - INFO -     [200] https://www.linkedin.com/jobs-guest/jobs/api/seeMoreJobPostings/search?keywords=frontend%2
2026-06-10 16:38:59,191 - INFO - [DEBUG] Dropped job in 'india' - not in target list
2026-06-10 16:38:59,191 - INFO - [DEBUG] Dropped job in 'sri lanka' - not in target list
2026-06-10 16:38:59,191 - INFO - [DEBUG] Dropped job in 'united states' - not in target list
2026-06-10 16:38:59,192 - INFO - [DEBUG] Dropped job in 'united states' - not in target list
2026-06-10 16:38:59,192 - INFO - [DEBUG] Dropped job in 'madrid, community of madrid, spain' - not in target list
2026-06-10 16:38:59,192 - INFO - [DEBUG] Dropped job in 'ontario, canada' - not in target list
2026-06-10 16:38:59,192 - INFO - [DEBUG] Dropped job in 'united states' - not in target list
2026-06-10 16:38:59,192 - INFO -  [OK] LinkedIn: 23 fetched → 16 new & recent (filtered: 7)
2026-06-10 16:39:12,949 - INFO -  [OK] Naukri: 80 fetched → 2 new & recent (filtered: 78)
2026-06-10 16:39:13,449 - INFO -  [OK] Remotive: 13 fetched → 0 new & recent (filtered: 13)
2026-06-10 16:39:14,801 - INFO -  [OK] WeWorkRemotely: 3 fetched → 0 new & recent (filtered: 3)
2026-06-10 16:39:15,490 - INFO -  [OK] RemoteOK: 0 fetched → 0 new & recent (filtered: 0)
2026-06-10 16:39:18,155 - INFO -   [Sent] Sent 1 new jobs for 'frontend developer'
2026-06-10 16:39:19,520 - INFO -   [OK] Pushed 'sent_jobs.json' to GitHub.
2026-06-10 16:39:20,485 - INFO -   [OK] Pushed 'last_run.json' to GitHub.
2026-06-10 16:39:20,488 - INFO - 
[Search] [angular developer] - ['Hyderabad', 'Bangalore', 'Chennai', 'Pune', 'Remote']
2026-06-10 16:39:22,056 - INFO -     [200] https://www.linkedin.com/jobs-guest/jobs/api/seeMoreJobPostings/search?keywords=angular%20
2026-06-10 16:39:23,554 - INFO -     [200] https://www.linkedin.com/jobs-guest/jobs/api/seeMoreJobPostings/search?keywords=angular%20
2026-06-10 16:39:25,229 - INFO -     [200] https://www.linkedin.com/jobs-guest/jobs/api/seeMoreJobPostings/search?keywords=angular%20
2026-06-10 16:39:26,838 - INFO -     [200] https://www.linkedin.com/jobs-guest/jobs/api/seeMoreJobPostings/search?keywords=angular%20
2026-06-10 16:39:28,541 - INFO -     [200] https://www.linkedin.com/jobs-guest/jobs/api/seeMoreJobPostings/search?keywords=angular%20
2026-06-10 16:39:28,751 - INFO - [DEBUG] Dropped job in 'plano, tx' - not in target list
2026-06-10 16:39:28,751 - INFO - [DEBUG] Dropped job in 'texas, united states' - not in target list
2026-06-10 16:39:28,752 - INFO - [DEBUG] Dropped job in 'basildon, england, united kingdom' - not in target list
2026-06-10 16:39:28,752 - INFO - [DEBUG] Dropped job in 'brussels, brussels region, belgium' - not in target list
2026-06-10 16:39:28,752 - INFO - [DEBUG] Dropped job in 'vilnius, vilniaus, lithuania' - not in target list
2026-06-10 16:39:28,752 - INFO - [DEBUG] Dropped job in 'united states' - not in target list
2026-06-10 16:39:28,752 - INFO - [DEBUG] Dropped job in 'mechouar, casablanca-settat, morocco' - not in target list
2026-06-10 16:39:28,752 - INFO - [DEBUG] Dropped job in 'brussels, brussels region, belgium' - not in target list
2026-06-10 16:39:28,752 - INFO - [DEBUG] Dropped job in 'india' - not in target list
2026-06-10 16:39:28,752 - INFO -  [OK] LinkedIn: 42 fetched → 33 new & recent (filtered: 9)
2026-06-10 16:39:40,944 - INFO -  [OK] Naukri: 81 fetched → 2 new & recent (filtered: 79)
2026-06-10 16:39:41,444 - INFO -  [OK] Remotive: 2 fetched → 0 new & recent (filtered: 2)
2026-06-10 16:39:42,791 - INFO -  [OK] WeWorkRemotely: 2 fetched → 0 new & recent (filtered: 2)
2026-06-10 16:39:43,411 - INFO -  [OK] RemoteOK: 0 fetched → 0 new & recent (filtered: 0)
2026-06-10 16:39:48,141 - INFO -   [Sent] Sent 2 new jobs for 'angular developer'
2026-06-10 16:39:49,743 - INFO -   [OK] Pushed 'sent_jobs.json' to GitHub.
2026-06-10 16:39:50,828 - INFO -   [OK] Pushed 'last_run.json' to GitHub.
2026-06-10 16:39:50,830 - INFO - 
[Search] [vue.js developer] - ['Hyderabad', 'Bangalore', 'Chennai', 'Pune', 'Remote']
2026-06-10 16:39:52,176 - INFO -     [200] https://www.linkedin.com/jobs-guest/jobs/api/seeMoreJobPostings/search?keywords=vue.js%20d
2026-06-10 16:39:53,696 - INFO -     [200] https://www.linkedin.com/jobs-guest/jobs/api/seeMoreJobPostings/search?keywords=vue.js%20d
2026-06-10 16:39:55,400 - INFO -     [200] https://www.linkedin.com/jobs-guest/jobs/api/seeMoreJobPostings/search?keywords=vue.js%20d
2026-06-10 16:39:57,013 - INFO -     [200] https://www.linkedin.com/jobs-guest/jobs/api/seeMoreJobPostings/search?keywords=vue.js%20d
2026-06-10 16:39:58,821 - INFO -     [200] https://www.linkedin.com/jobs-guest/jobs/api/seeMoreJobPostings/search?keywords=vue.js%20d
2026-06-10 16:39:59,033 - INFO - [DEBUG] Dropped job in 'greater sevilla metropolitan area' - not in target list
2026-06-10 16:39:59,033 - INFO - [DEBUG] Dropped job in 'united states' - not in target list
2026-06-10 16:39:59,033 - INFO - [DEBUG] Dropped job in 'united states' - not in target list
2026-06-10 16:39:59,033 - INFO - [DEBUG] Dropped job in 'karnataka, india' - not in target list
2026-06-10 16:39:59,033 - INFO - [DEBUG] Dropped job in 'indiana, united states' - not in target list
2026-06-10 16:39:59,033 - INFO - [DEBUG] Dropped job in 'montreal, quebec, canada' - not in target list
2026-06-10 16:39:59,033 - INFO - [DEBUG] Dropped job in 'sofia, sofia city, bulgaria' - not in target list
2026-06-10 16:39:59,033 - INFO - [DEBUG] Dropped job in 'united states' - not in target list
2026-06-10 16:39:59,033 - INFO -  [OK] LinkedIn: 15 fetched → 7 new & recent (filtered: 8)
2026-06-10 16:40:10,630 - INFO -  [OK] Naukri: 76 fetched → 7 new & recent (filtered: 69)
2026-06-10 16:40:11,131 - INFO -  [OK] Remotive: 2 fetched → 0 new & recent (filtered: 2)
2026-06-10 16:40:12,495 - INFO -  [OK] WeWorkRemotely: 2 fetched → 0 new & recent (filtered: 2)
2026-06-10 16:40:13,108 - INFO -  [OK] RemoteOK: 0 fetched → 0 new & recent (filtered: 0)
2026-06-10 16:40:17,904 - INFO -   [Sent] Sent 2 new jobs for 'vue.js developer'
2026-06-10 16:40:19,535 - INFO -   [OK] Pushed 'sent_jobs.json' to GitHub.
2026-06-10 16:40:20,549 - INFO -   [OK] Pushed 'last_run.json' to GitHub.
2026-06-10 16:40:20,551 - INFO - 
[Search] [typescript developer] - ['Hyderabad', 'Bangalore', 'Chennai', 'Pune', 'Remote']
2026-06-10 16:40:21,963 - INFO -     [200] https://www.linkedin.com/jobs-guest/jobs/api/seeMoreJobPostings/search?keywords=typescript
2026-06-10 16:40:23,380 - INFO -     [200] https://www.linkedin.com/jobs-guest/jobs/api/seeMoreJobPostings/search?keywords=typescript
2026-06-10 16:40:24,853 - INFO -     [200] https://www.linkedin.com/jobs-guest/jobs/api/seeMoreJobPostings/search?keywords=typescript
2026-06-10 16:40:26,182 - INFO -     [429] https://www.linkedin.com/jobs-guest/jobs/api/seeMoreJobPostings/search?keywords=typescript
2026-06-10 16:40:27,861 - INFO -     [200] https://www.linkedin.com/jobs-guest/jobs/api/seeMoreJobPostings/search?keywords=typescript
2026-06-10 16:40:28,070 - INFO - [DEBUG] Dropped job in 'argentina' - not in target list
2026-06-10 16:40:28,070 - INFO - [DEBUG] Dropped job in 'peoria, il' - not in target list
2026-06-10 16:40:28,070 - INFO - [DEBUG] Dropped job in 'united kingdom' - not in target list
2026-06-10 16:40:28,070 - INFO - [DEBUG] Dropped job in 'manchester area, united kingdom' - not in target list
2026-06-10 16:40:28,070 - INFO - [DEBUG] Dropped job in 'canada' - not in target list
2026-06-10 16:40:28,070 - INFO - [DEBUG] Dropped job in 'jakarta, indonesia' - not in target list
2026-06-10 16:40:28,070 - INFO - [DEBUG] Dropped job in 'tennessee, united states' - not in target list
2026-06-10 16:40:28,070 - INFO - [DEBUG] Dropped job in 'peoria, il' - not in target list
2026-06-10 16:40:28,071 - INFO - [DEBUG] Dropped job in 'abuja, federal capital territory, nigeria' - not in target list
2026-06-10 16:40:28,071 - INFO - [DEBUG] Dropped job in 'berlin, germany' - not in target list
2026-06-10 16:40:28,071 - INFO -  [OK] LinkedIn: 32 fetched → 22 new & recent (filtered: 10)
2026-06-10 16:40:39,568 - INFO -  [OK] Naukri: 81 fetched → 21 new & recent (filtered: 60)
2026-06-10 16:40:40,069 - INFO -  [OK] Remotive: 12 fetched → 0 new & recent (filtered: 12)
2026-06-10 16:40:41,295 - INFO -  [OK] WeWorkRemotely: 2 fetched → 0 new & recent (filtered: 2)
2026-06-10 16:40:41,905 - INFO -  [OK] RemoteOK: 0 fetched → 0 new & recent (filtered: 0)
2026-06-10 16:40:46,610 - INFO -   [Sent] Sent 2 new jobs for 'typescript developer'
2026-06-10 16:40:48,267 - INFO -   [OK] Pushed 'sent_jobs.json' to GitHub.
2026-06-10 16:40:49,193 - INFO -   [OK] Pushed 'last_run.json' to GitHub.
2026-06-10 16:40:50,196 - INFO - 
--------------------------------------------------
2026-06-10 16:40:50,196 - INFO - [Category] Category: DEVOPS | Elapsed: 6.4 min
2026-06-10 16:40:50,196 - INFO - --------------------------------------------------
2026-06-10 16:40:50,196 - INFO - 
[Search] [devops engineer] - ['Hyderabad', 'Bangalore', 'Chennai', 'Pune', 'Remote']
2026-06-10 16:40:51,677 - INFO -     [200] https://www.linkedin.com/jobs-guest/jobs/api/seeMoreJobPostings/search?keywords=devops%20e
2026-06-10 16:40:53,319 - INFO -     [200] https://www.linkedin.com/jobs-guest/jobs/api/seeMoreJobPostings/search?keywords=devops%20e
2026-06-10 16:40:54,817 - INFO -     [200] https://www.linkedin.com/jobs-guest/jobs/api/seeMoreJobPostings/search?keywords=devops%20e
2026-06-10 16:40:56,238 - INFO -     [200] https://www.linkedin.com/jobs-guest/jobs/api/seeMoreJobPostings/search?keywords=devops%20e
2026-06-10 16:40:57,815 - INFO -     [200] https://www.linkedin.com/jobs-guest/jobs/api/seeMoreJobPostings/search?keywords=devops%20e
2026-06-10 16:40:58,026 - INFO - [DEBUG] Dropped job in 'united states' - not in target list
2026-06-10 16:40:58,026 - INFO - [DEBUG] Dropped job in 'tallahassee, fl' - not in target list
2026-06-10 16:40:58,026 - INFO - [DEBUG] Dropped job in 'new york, ny' - not in target list
2026-06-10 16:40:58,026 - INFO - [DEBUG] Dropped job in 'united states' - not in target list
2026-06-10 16:40:58,026 - INFO - [DEBUG] Dropped job in 'cambridge, england, united kingdom' - not in target list
2026-06-10 16:40:58,026 - INFO - [DEBUG] Dropped job in 'morrisville, nc' - not in target list
2026-06-10 16:40:58,026 - INFO - [DEBUG] Dropped job in 'dublin, county dublin, ireland' - not in target list
2026-06-10 16:40:58,026 - INFO - [DEBUG] Dropped job in 'raleigh, nc' - not in target list
2026-06-10 16:40:58,027 - INFO - [DEBUG] Dropped job in 'charlotte, nc' - not in target list
2026-06-10 16:40:58,027 - INFO - [DEBUG] Dropped job in 'austin, tx' - not in target list
2026-06-10 16:40:58,027 - INFO -  [OK] LinkedIn: 48 fetched → 38 new & recent (filtered: 10)
2026-06-10 16:41:10,421 - INFO -  [OK] Naukri: 90 fetched → 3 new & recent (filtered: 87)
2026-06-10 16:41:10,921 - INFO -  [OK] Remotive: 13 fetched → 0 new & recent (filtered: 13)
2026-06-10 16:41:12,098 - INFO -  [OK] WeWorkRemotely: 13 fetched → 0 new & recent (filtered: 13)
2026-06-10 16:41:12,707 - INFO -  [OK] RemoteOK: 0 fetched → 0 new & recent (filtered: 0)
2026-06-10 16:41:30,032 - INFO -   [Sent] Sent 8 new jobs for 'devops engineer'
2026-06-10 16:41:31,455 - INFO -   [OK] Pushed 'sent_jobs.json' to GitHub.
2026-06-10 16:41:32,735 - INFO -   [OK] Pushed 'last_run.json' to GitHub.
2026-06-10 16:41:32,737 - INFO - 
[Search] [cloud engineer] - ['Hyderabad', 'Bangalore', 'Chennai', 'Pune', 'Remote']
2026-06-10 16:41:33,959 - INFO -     [200] https://www.linkedin.com/jobs-guest/jobs/api/seeMoreJobPostings/search?keywords=cloud%20en
2026-06-10 16:41:35,603 - INFO -     [200] https://www.linkedin.com/jobs-guest/jobs/api/seeMoreJobPostings/search?keywords=cloud%20en
2026-06-10 16:41:37,632 - INFO -     [200] https://www.linkedin.com/jobs-guest/jobs/api/seeMoreJobPostings/search?keywords=cloud%20en
2026-06-10 16:41:39,193 - INFO -     [200] https://www.linkedin.com/jobs-guest/jobs/api/seeMoreJobPostings/search?keywords=cloud%20en
2026-06-10 16:41:39,877 - INFO -     [429] https://www.linkedin.com/jobs-guest/jobs/api/seeMoreJobPostings/search?keywords=cloud%20en
2026-06-10 16:41:40,080 - INFO -  [OK] LinkedIn: 40 fetched → 40 new & recent (filtered: 0)
2026-06-10 16:41:52,489 - INFO -  [OK] Naukri: 88 fetched → 4 new & recent (filtered: 84)
2026-06-10 16:41:52,989 - INFO -  [OK] Remotive: 13 fetched → 0 new & recent (filtered: 13)
2026-06-10 16:41:54,302 - INFO -  [OK] WeWorkRemotely: 13 fetched → 0 new & recent (filtered: 13)
2026-06-10 16:41:54,911 - INFO -  [OK] RemoteOK: 0 fetched → 0 new & recent (filtered: 0)
2026-06-10 16:41:59,740 - INFO -   [Sent] Sent 2 new jobs for 'cloud engineer'
2026-06-10 16:42:01,322 - INFO -   [OK] Pushed 'sent_jobs.json' to GitHub.
2026-06-10 16:42:02,340 - INFO -   [OK] Pushed 'last_run.json' to GitHub.
2026-06-10 16:42:02,342 - INFO - 
[Search] [site reliability engineer] - ['Hyderabad', 'Bangalore', 'Chennai', 'Pune', 'Remote']
2026-06-10 16:42:03,946 - INFO -     [200] https://www.linkedin.com/jobs-guest/jobs/api/seeMoreJobPostings/search?keywords=site%20rel
2026-06-10 16:42:05,508 - INFO -     [200] https://www.linkedin.com/jobs-guest/jobs/api/seeMoreJobPostings/search?keywords=site%20rel
2026-06-10 16:42:07,241 - INFO -     [200] https://www.linkedin.com/jobs-guest/jobs/api/seeMoreJobPostings/search?keywords=site%20rel
2026-06-10 16:42:08,895 - INFO -     [200] https://www.linkedin.com/jobs-guest/jobs/api/seeMoreJobPostings/search?keywords=site%20rel
2026-06-10 16:42:10,937 - INFO -     [200] https://www.linkedin.com/jobs-guest/jobs/api/seeMoreJobPostings/search?keywords=site%20rel
2026-06-10 16:42:11,188 - INFO - [DEBUG] Dropped job in 'riyadh, saudi arabia' - not in target list
2026-06-10 16:42:11,188 - INFO - [DEBUG] Dropped job in 'united states' - not in target list
2026-06-10 16:42:11,188 - INFO - [DEBUG] Dropped job in 'united states' - not in target list
2026-06-10 16:42:11,189 - INFO - [DEBUG] Dropped job in 'chicago, il' - not in target list
2026-06-10 16:42:11,189 - INFO - [DEBUG] Dropped job in 'argentina' - not in target list
2026-06-10 16:42:11,189 - INFO - [DEBUG] Dropped job in 'canada' - not in target list
2026-06-10 16:42:11,189 - INFO - [DEBUG] Dropped job in 'washington, dc' - not in target list
2026-06-10 16:42:11,189 - INFO - [DEBUG] Dropped job in 'united states' - not in target list
2026-06-10 16:42:11,189 - INFO -  [OK] LinkedIn: 44 fetched → 36 new & recent (filtered: 8)
2026-06-10 16:42:24,497 - INFO -  [OK] Naukri: 86 fetched → 8 new & recent (filtered: 78)
2026-06-10 16:42:24,998 - INFO -  [OK] Remotive: 13 fetched → 0 new & recent (filtered: 13)
2026-06-10 16:42:26,200 - INFO -  [OK] WeWorkRemotely: 14 fetched → 0 new & recent (filtered: 14)
2026-06-10 16:42:26,811 - INFO -  [OK] RemoteOK: 0 fetched → 0 new & recent (filtered: 0)
2026-06-10 16:42:37,866 - INFO -   [Sent] Sent 5 new jobs for 'site reliability engineer'
2026-06-10 16:42:39,483 - INFO -   [OK] Pushed 'sent_jobs.json' to GitHub.
2026-06-10 16:42:40,590 - INFO -   [OK] Pushed 'last_run.json' to GitHub.
2026-06-10 16:42:40,592 - INFO - 
[Search] [platform engineer] - ['Hyderabad', 'Bangalore', 'Chennai', 'Pune', 'Remote']
2026-06-10 16:42:42,020 - INFO -     [200] https://www.linkedin.com/jobs-guest/jobs/api/seeMoreJobPostings/search?keywords=platform%2
2026-06-10 16:42:43,765 - INFO -     [200] https://www.linkedin.com/jobs-guest/jobs/api/seeMoreJobPostings/search?keywords=platform%2
2026-06-10 16:42:45,598 - INFO -     [200] https://www.linkedin.com/jobs-guest/jobs/api/seeMoreJobPostings/search?keywords=platform%2
2026-06-10 16:42:47,081 - INFO -     [200] https://www.linkedin.com/jobs-guest/jobs/api/seeMoreJobPostings/search?keywords=platform%2
2026-06-10 16:42:48,455 - INFO -     [429] https://www.linkedin.com/jobs-guest/jobs/api/seeMoreJobPostings/search?keywords=platform%2
2026-06-10 16:42:48,658 - INFO -  [OK] LinkedIn: 35 fetched → 35 new & recent (filtered: 0)
2026-06-10 16:43:01,740 - INFO -  [OK] Naukri: 93 fetched → 10 new & recent (filtered: 83)
2026-06-10 16:43:02,241 - INFO -  [OK] Remotive: 13 fetched → 0 new & recent (filtered: 13)
2026-06-10 16:43:03,499 - INFO -  [OK] WeWorkRemotely: 16 fetched → 0 new & recent (filtered: 16)
2026-06-10 16:43:04,113 - INFO -  [OK] RemoteOK: 0 fetched → 0 new & recent (filtered: 0)
2026-06-10 16:43:17,324 - INFO -   [Sent] Sent 6 new jobs for 'platform engineer'
2026-06-10 16:43:18,999 - INFO -   [OK] Pushed 'sent_jobs.json' to GitHub.
2026-06-10 16:43:20,173 - INFO -   [OK] Pushed 'last_run.json' to GitHub.
2026-06-10 16:43:20,176 - INFO - 
[Search] [kubernetes engineer] - ['Hyderabad', 'Bangalore', 'Chennai', 'Pune', 'Remote']
2026-06-10 16:43:21,440 - INFO -     [200] https://www.linkedin.com/jobs-guest/jobs/api/seeMoreJobPostings/search?keywords=kubernetes
2026-06-10 16:43:23,187 - INFO -     [200] https://www.linkedin.com/jobs-guest/jobs/api/seeMoreJobPostings/search?keywords=kubernetes
2026-06-10 16:43:24,783 - INFO -     [200] https://www.linkedin.com/jobs-guest/jobs/api/seeMoreJobPostings/search?keywords=kubernetes
2026-06-10 16:43:26,383 - INFO -     [200] https://www.linkedin.com/jobs-guest/jobs/api/seeMoreJobPostings/search?keywords=kubernetes
2026-06-10 16:43:28,059 - INFO -     [200] https://www.linkedin.com/jobs-guest/jobs/api/seeMoreJobPostings/search?keywords=kubernetes
2026-06-10 16:43:28,296 - INFO - [DEBUG] Dropped job in 'khed, maharashtra, india' - not in target list
2026-06-10 16:43:28,296 - INFO - [DEBUG] Dropped job in 'chandler, az' - not in target list
2026-06-10 16:43:28,296 - INFO - [DEBUG] Dropped job in 'grünwald, bavaria, germany' - not in target list
2026-06-10 16:43:28,296 - INFO - [DEBUG] Dropped job in 'united states' - not in target list
2026-06-10 16:43:28,296 - INFO - [DEBUG] Dropped job in 'san francisco, ca' - not in target list
2026-06-10 16:43:28,296 - INFO - [DEBUG] Dropped job in 'atlanta, ga' - not in target list
2026-06-10 16:43:28,296 - INFO - [DEBUG] Dropped job in 'london, england, united kingdom' - not in target list
2026-06-10 16:43:28,296 - INFO - [DEBUG] Dropped job in 'hotazel, northern cape, south africa' - not in target list
2026-06-10 16:43:28,296 - INFO - [DEBUG] Dropped job in 'hungary' - not in target list
2026-06-10 16:43:28,296 - INFO - [DEBUG] Dropped job in 'osijek, osijek-baranja, croatia' - not in target list
2026-06-10 16:43:28,296 - INFO - [DEBUG] Dropped job in 'varaždin, varaždin, croatia' - not in target list
2026-06-10 16:43:28,297 - INFO -  [OK] LinkedIn: 33 fetched → 22 new & recent (filtered: 11)
2026-06-10 16:43:39,610 - INFO -  [OK] Naukri: 68 fetched → 4 new & recent (filtered: 64)
2026-06-10 16:43:40,111 - INFO -  [OK] Remotive: 13 fetched → 0 new & recent (filtered: 13)
2026-06-10 16:43:41,392 - INFO -  [OK] WeWorkRemotely: 13 fetched → 0 new & recent (filtered: 13)
2026-06-10 16:43:42,006 - INFO -  [OK] RemoteOK: 0 fetched → 0 new & recent (filtered: 0)
2026-06-10 16:43:48,819 - INFO -   [Sent] Sent 3 new jobs for 'kubernetes engineer'
2026-06-10 16:43:50,159 - INFO -   [OK] Pushed 'sent_jobs.json' to GitHub.
2026-06-10 16:43:51,228 - INFO -   [OK] Pushed 'last_run.json' to GitHub.
2026-06-10 16:43:53,887 - INFO -   [OK] Pushed 'sent_jobs.json' to GitHub.
2026-06-10 16:43:54,905 - INFO -   [OK] Pushed 'last_run.json' to GitHub.
2026-06-10 16:43:54,908 - INFO - 
==================================================
2026-06-10 16:43:54,908 - INFO - [OK] Run complete. Total new jobs sent: 70
2026-06-10 16:43:54,909 - INFO - ==================================================
============================================================
[RUN END] exit code: 0
============================================================
2026-06-10 17:04:18,837 - INFO - [startup] Pulled 3000 log lines from GitHub.
============================================================
[RUN START] 2026-06-10 17:04:22 UTC
============================================================
2026-06-10 17:04:23,639 - INFO - [OK] Config OK - 3 active categories, 16 keywords total
2026-06-10 17:04:23,947 - INFO - 
============================================================
2026-06-10 17:04:23,947 - INFO - [STARTUP] ENV VAR CHECK
2026-06-10 17:04:23,947 - INFO - ============================================================
2026-06-10 17:04:23,947 - INFO -   [OK]     SST_BOT_TOKEN = ***wE1Y
2026-06-10 17:04:23,947 - INFO -   [OK]     SST_BACKEND_JOBS_CHAT_ID = ***1312
2026-06-10 17:04:23,947 - INFO -   [OK]     SST_FRONTEND_JOBS_CHAT_ID = ***8207
2026-06-10 17:04:23,947 - INFO -   [OK]     SST_DEVOPS_JOBS_CHAT_ID = ***1587
2026-06-10 17:04:23,947 - INFO -   [OK]     GITHUB_TOKEN = ***IB17
2026-06-10 17:04:23,947 - INFO -   [OK]     GITHUB_REPO = ***-bot
2026-06-10 17:04:23,948 - INFO -   [OK]     SCRAPER_API_KEY = ***nK5Z
2026-06-10 17:04:23,948 - INFO - ============================================================
2026-06-10 17:04:24,436 - INFO - [OK] Successfully pulled sent_jobs.json from GitHub.
2026-06-10 17:04:24,652 - INFO - [OK] Successfully pulled last_run.json from GitHub.
2026-06-10 17:04:24,655 - INFO - 
[Time] Last run: 2026-06-10 22:13:53.889962+05:30
2026-06-10 17:04:24,655 - INFO - [State] Already sent: 5000 job IDs
2026-06-10 17:04:24,655 - INFO - 
--------------------------------------------------
2026-06-10 17:04:24,655 - INFO - [Category] Category: BACKEND | Elapsed: 0.0 min
2026-06-10 17:04:24,655 - INFO - --------------------------------------------------
2026-06-10 17:04:24,655 - INFO - 
[Search] [python developer] - ['Hyderabad', 'Bangalore', 'Chennai', 'Pune', 'Remote']
2026-06-10 17:04:26,184 - INFO -     [200] https://www.linkedin.com/jobs-guest/jobs/api/seeMoreJobPostings/search?keywords=python%20d
2026-06-10 17:04:29,011 - INFO -     [200] https://www.linkedin.com/jobs-guest/jobs/api/seeMoreJobPostings/search?keywords=python%20d
2026-06-10 17:04:30,812 - INFO -     [200] https://www.linkedin.com/jobs-guest/jobs/api/seeMoreJobPostings/search?keywords=python%20d
2026-06-10 17:04:32,536 - INFO -     [200] https://www.linkedin.com/jobs-guest/jobs/api/seeMoreJobPostings/search?keywords=python%20d
2026-06-10 17:04:34,149 - INFO -     [200] https://www.linkedin.com/jobs-guest/jobs/api/seeMoreJobPostings/search?keywords=python%20d
2026-06-10 17:04:34,360 - INFO - [DEBUG] Dropped job in 'omaha, ne' - not in target list
2026-06-10 17:04:34,360 - INFO - [DEBUG] Dropped job in 'velachery, tamil nadu, india' - not in target list
2026-06-10 17:04:34,361 - INFO - [DEBUG] Dropped job in 'india' - not in target list
2026-06-10 17:04:34,361 - INFO - [DEBUG] Dropped job in 'london, england, united kingdom' - not in target list
2026-06-10 17:04:34,361 - INFO - [DEBUG] Dropped job in 'exeter, england, united kingdom' - not in target list
2026-06-10 17:04:34,361 - INFO - [DEBUG] Dropped job in 'london, england, united kingdom' - not in target list
2026-06-10 17:04:34,361 - INFO - [DEBUG] Dropped job in 'stockholm, stockholm county, sweden' - not in target list
2026-06-10 17:04:34,361 - INFO - [DEBUG] Dropped job in 'charlotte, nc' - not in target list
2026-06-10 17:04:34,361 - INFO - [DEBUG] Dropped job in 'cracow, małopolskie, poland' - not in target list
2026-06-10 17:04:34,361 - INFO - [DEBUG] Dropped job in 'united states' - not in target list
2026-06-10 17:04:34,361 - INFO - [DEBUG] Dropped job in 'san jose, ca' - not in target list
2026-06-10 17:04:34,362 - INFO - [DEBUG] Dropped job in 'austin, tx' - not in target list
2026-06-10 17:04:34,362 - INFO - [DEBUG] Dropped job in 'toronto, ontario, canada' - not in target list
2026-06-10 17:04:34,362 - INFO - [DEBUG] Dropped job in 'greater london, england, united kingdom' - not in target list
2026-06-10 17:04:34,362 - INFO - [DEBUG] Dropped job in 'riga, riga, latvia' - not in target list
2026-06-10 17:04:34,362 - INFO -  [OK] LinkedIn: 46 fetched → 31 new & recent (filtered: 15)
2026-06-10 17:04:46,853 - INFO -  [OK] Naukri: 82 fetched → 24 new & recent (filtered: 58)
2026-06-10 17:04:47,471 - INFO -     [Remotive] Cached 28 total jobs
2026-06-10 17:04:47,537 - INFO -  [OK] Remotive: 2 fetched → 0 new & recent (filtered: 2)
2026-06-10 17:04:48,942 - INFO -  [OK] WeWorkRemotely: 3 fetched → 0 new & recent (filtered: 3)
2026-06-10 17:04:49,557 - INFO -  [OK] RemoteOK: 0 fetched → 0 new & recent (filtered: 0)
2026-06-10 17:05:21,787 - INFO -   [Sent] Sent 15 new jobs for 'python developer'
2026-06-10 17:05:23,376 - INFO -   [OK] Pushed 'sent_jobs.json' to GitHub.
2026-06-10 17:05:24,413 - INFO -   [OK] Pushed 'last_run.json' to GitHub.
2026-06-10 17:05:24,416 - INFO - 
[Search] [java developer] - ['Hyderabad', 'Bangalore', 'Chennai', 'Pune', 'Remote']
2026-06-10 17:05:25,977 - INFO -     [200] https://www.linkedin.com/jobs-guest/jobs/api/seeMoreJobPostings/search?keywords=java%20dev
2026-06-10 17:05:27,506 - INFO -     [200] https://www.linkedin.com/jobs-guest/jobs/api/seeMoreJobPostings/search?keywords=java%20dev
2026-06-10 17:05:29,077 - INFO -     [200] https://www.linkedin.com/jobs-guest/jobs/api/seeMoreJobPostings/search?keywords=java%20dev
2026-06-10 17:05:30,643 - INFO -     [200] https://www.linkedin.com/jobs-guest/jobs/api/seeMoreJobPostings/search?keywords=java%20dev
2026-06-10 17:05:32,135 - INFO -     [429] https://www.linkedin.com/jobs-guest/jobs/api/seeMoreJobPostings/search?keywords=java%20dev
2026-06-10 17:05:32,338 - INFO -  [OK] LinkedIn: 34 fetched → 34 new & recent (filtered: 0)
2026-06-10 17:05:44,208 - INFO -  [OK] Naukri: 67 fetched → 19 new & recent (filtered: 48)
2026-06-10 17:05:44,708 - INFO -  [OK] Remotive: 3 fetched → 0 new & recent (filtered: 3)
2026-06-10 17:05:45,938 - INFO -  [OK] WeWorkRemotely: 2 fetched → 0 new & recent (filtered: 2)
2026-06-10 17:05:46,637 - INFO -  [OK] RemoteOK: 0 fetched → 0 new & recent (filtered: 0)
2026-06-10 17:05:57,703 - INFO -   [Sent] Sent 5 new jobs for 'java developer'
2026-06-10 17:05:59,328 - INFO -   [OK] Pushed 'sent_jobs.json' to GitHub.
2026-06-10 17:06:00,431 - INFO -   [OK] Pushed 'last_run.json' to GitHub.
2026-06-10 17:06:00,434 - INFO - 
[Search] [node.js developer] - ['Hyderabad', 'Bangalore', 'Chennai', 'Pune', 'Remote']
2026-06-10 17:06:01,837 - INFO -     [200] https://www.linkedin.com/jobs-guest/jobs/api/seeMoreJobPostings/search?keywords=node.js%20
2026-06-10 17:06:03,517 - INFO -     [200] https://www.linkedin.com/jobs-guest/jobs/api/seeMoreJobPostings/search?keywords=node.js%20
2026-06-10 17:06:04,951 - INFO -     [200] https://www.linkedin.com/jobs-guest/jobs/api/seeMoreJobPostings/search?keywords=node.js%20
2026-06-10 17:06:06,759 - INFO -     [200] https://www.linkedin.com/jobs-guest/jobs/api/seeMoreJobPostings/search?keywords=node.js%20
2026-06-10 17:06:08,269 - INFO -     [200] https://www.linkedin.com/jobs-guest/jobs/api/seeMoreJobPostings/search?keywords=node.js%20
2026-06-10 17:06:08,480 - INFO - [DEBUG] Dropped job in 'dallas, tx' - not in target list
2026-06-10 17:06:08,480 - INFO - [DEBUG] Dropped job in 'dallas, tx' - not in target list
2026-06-10 17:06:08,480 - INFO - [DEBUG] Dropped job in 'halawa heights, hi' - not in target list
2026-06-10 17:06:08,480 - INFO - [DEBUG] Dropped job in 'riyadh region' - not in target list
2026-06-10 17:06:08,480 - INFO - [DEBUG] Dropped job in 'india' - not in target list
2026-06-10 17:06:08,481 - INFO - [DEBUG] Dropped job in 'united states' - not in target list
2026-06-10 17:06:08,481 - INFO - [DEBUG] Dropped job in 'united states' - not in target list
2026-06-10 17:06:08,481 - INFO - [DEBUG] Dropped job in 'milan, lombardy, italy' - not in target list
2026-06-10 17:06:08,481 - INFO -  [OK] LinkedIn: 31 fetched → 23 new & recent (filtered: 8)
2026-06-10 17:06:20,193 - INFO -  [OK] Naukri: 76 fetched → 5 new & recent (filtered: 71)
2026-06-10 17:06:20,696 - INFO -  [OK] Remotive: 2 fetched → 0 new & recent (filtered: 2)
2026-06-10 17:06:21,948 - INFO -  [OK] WeWorkRemotely: 2 fetched → 0 new & recent (filtered: 2)
2026-06-10 17:06:22,558 - INFO -  [OK] RemoteOK: 0 fetched → 0 new & recent (filtered: 0)
2026-06-10 17:06:39,970 - INFO -   [Sent] Sent 8 new jobs for 'node.js developer'
2026-06-10 17:06:41,608 - INFO -   [OK] Pushed 'sent_jobs.json' to GitHub.
2026-06-10 17:06:42,524 - INFO -   [OK] Pushed 'last_run.json' to GitHub.
2026-06-10 17:06:42,526 - INFO - 
[Search] [backend developer] - ['Hyderabad', 'Bangalore', 'Chennai', 'Pune', 'Remote']
2026-06-10 17:06:43,733 - INFO -     [200] https://www.linkedin.com/jobs-guest/jobs/api/seeMoreJobPostings/search?keywords=backend%20
2026-06-10 17:06:45,195 - INFO -     [200] https://www.linkedin.com/jobs-guest/jobs/api/seeMoreJobPostings/search?keywords=backend%20
2026-06-10 17:06:46,711 - INFO -     [200] https://www.linkedin.com/jobs-guest/jobs/api/seeMoreJobPostings/search?keywords=backend%20
2026-06-10 17:06:48,343 - INFO -     [200] https://www.linkedin.com/jobs-guest/jobs/api/seeMoreJobPostings/search?keywords=backend%20
2026-06-10 17:06:49,841 - INFO -     [200] https://www.linkedin.com/jobs-guest/jobs/api/seeMoreJobPostings/search?keywords=backend%20
2026-06-10 17:06:50,344 - INFO - [DEBUG] Dropped job in 'velachery, tamil nadu, india' - not in target list
2026-06-10 17:06:50,344 - INFO - [DEBUG] Dropped job in 'montreal, quebec, canada' - not in target list
2026-06-10 17:06:50,344 - INFO - [DEBUG] Dropped job in 'toronto, ontario, canada' - not in target list
2026-06-10 17:06:50,344 - INFO - [DEBUG] Dropped job in 'dublin, county dublin, ireland' - not in target list
2026-06-10 17:06:50,345 - INFO - [DEBUG] Dropped job in 'tallinn, harjumaa, estonia' - not in target list
2026-06-10 17:06:50,345 - INFO - [DEBUG] Dropped job in 'worldwide mission, grand bassa county, liberia' - not in target list
2026-06-10 17:06:50,345 - INFO - [DEBUG] Dropped job in 'london, england, united kingdom' - not in target list
2026-06-10 17:06:50,345 - INFO - [DEBUG] Dropped job in 'riga, riga, latvia' - not in target list
2026-06-10 17:06:50,345 - INFO - [DEBUG] Dropped job in 'reading, england, united kingdom' - not in target list
2026-06-10 17:06:50,345 - INFO - [DEBUG] Dropped job in 'vancouver, british columbia, canada' - not in target list
2026-06-10 17:06:50,345 - INFO - [DEBUG] Dropped job in 'melbourne, victoria, australia' - not in target list
2026-06-10 17:06:50,345 - INFO -  [OK] LinkedIn: 40 fetched → 29 new & recent (filtered: 11)
2026-06-10 17:07:03,862 - INFO -  [OK] Naukri: 91 fetched → 6 new & recent (filtered: 85)
2026-06-10 17:07:04,363 - INFO -  [OK] Remotive: 12 fetched → 0 new & recent (filtered: 12)
2026-06-10 17:07:05,749 - INFO -  [OK] WeWorkRemotely: 3 fetched → 0 new & recent (filtered: 3)
2026-06-10 17:07:06,358 - INFO -  [OK] RemoteOK: 0 fetched → 0 new & recent (filtered: 0)
2026-06-10 17:07:09,009 - INFO -   [Sent] Sent 1 new jobs for 'backend developer'
2026-06-10 17:07:10,569 - INFO -   [OK] Pushed 'sent_jobs.json' to GitHub.
2026-06-10 17:07:11,820 - INFO -   [OK] Pushed 'last_run.json' to GitHub.
2026-06-10 17:07:11,823 - INFO - 
[Search] [golang developer] - ['Hyderabad', 'Bangalore', 'Chennai', 'Pune', 'Remote']
2026-06-10 17:07:13,415 - INFO -     [200] https://www.linkedin.com/jobs-guest/jobs/api/seeMoreJobPostings/search?keywords=golang%20d
2026-06-10 17:07:14,973 - INFO -     [200] https://www.linkedin.com/jobs-guest/jobs/api/seeMoreJobPostings/search?keywords=golang%20d
2026-06-10 17:07:16,356 - INFO -     [200] https://www.linkedin.com/jobs-guest/jobs/api/seeMoreJobPostings/search?keywords=golang%20d
2026-06-10 17:07:17,884 - INFO -     [200] https://www.linkedin.com/jobs-guest/jobs/api/seeMoreJobPostings/search?keywords=golang%20d
2026-06-10 17:07:19,536 - INFO -     [200] https://www.linkedin.com/jobs-guest/jobs/api/seeMoreJobPostings/search?keywords=golang%20d
2026-06-10 17:07:19,748 - INFO - [DEBUG] Dropped job in 'manchester area, united kingdom' - not in target list
2026-06-10 17:07:19,749 - INFO - [DEBUG] Dropped job in 'dublin, county dublin, ireland' - not in target list
2026-06-10 17:07:19,749 - INFO - [DEBUG] Dropped job in 'berlin, berlin, germany' - not in target list
2026-06-10 17:07:19,749 - INFO - [DEBUG] Dropped job in 'ulm, baden-württemberg, germany' - not in target list
2026-06-10 17:07:19,749 - INFO - [DEBUG] Dropped job in 'sofia, sofia city, bulgaria' - not in target list
2026-06-10 17:07:19,749 - INFO - [DEBUG] Dropped job in 'montreal, quebec, canada' - not in target list
2026-06-10 17:07:19,749 - INFO - [DEBUG] Dropped job in 'tucson, az' - not in target list
2026-06-10 17:07:19,749 - INFO - [DEBUG] Dropped job in 'melbourne, victoria, australia' - not in target list
2026-06-10 17:07:19,750 - INFO - [DEBUG] Dropped job in 'india' - not in target list
2026-06-10 17:07:19,750 - INFO - [DEBUG] Dropped job in 'dallas-fort worth metroplex' - not in target list
2026-06-10 17:07:19,750 - INFO -  [OK] LinkedIn: 36 fetched → 26 new & recent (filtered: 10)
2026-06-10 17:07:31,777 - INFO -  [OK] Naukri: 92 fetched → 7 new & recent (filtered: 85)
2026-06-10 17:07:32,278 - INFO -  [OK] Remotive: 2 fetched → 0 new & recent (filtered: 2)
2026-06-10 17:07:33,638 - INFO -  [OK] WeWorkRemotely: 2 fetched → 0 new & recent (filtered: 2)
2026-06-10 17:07:34,346 - INFO -  [OK] RemoteOK: 0 fetched → 0 new & recent (filtered: 0)
2026-06-10 17:07:36,958 - INFO -   [Sent] Sent 1 new jobs for 'golang developer'
2026-06-10 17:07:38,711 - INFO -   [OK] Pushed 'sent_jobs.json' to GitHub.
2026-06-10 17:07:39,624 - INFO -   [OK] Pushed 'last_run.json' to GitHub.
2026-06-10 17:07:39,626 - INFO - 
[Search] [rust developer] - ['Hyderabad', 'Bangalore', 'Chennai', 'Pune', 'Remote']
2026-06-10 17:07:40,747 - INFO -     [200] https://www.linkedin.com/jobs-guest/jobs/api/seeMoreJobPostings/search?keywords=rust%20dev
2026-06-10 17:07:42,271 - INFO -     [200] https://www.linkedin.com/jobs-guest/jobs/api/seeMoreJobPostings/search?keywords=rust%20dev
2026-06-10 17:07:44,249 - INFO -     [200] https://www.linkedin.com/jobs-guest/jobs/api/seeMoreJobPostings/search?keywords=rust%20dev
2026-06-10 17:07:45,687 - INFO -     [200] https://www.linkedin.com/jobs-guest/jobs/api/seeMoreJobPostings/search?keywords=rust%20dev
2026-06-10 17:07:47,177 - INFO -     [200] https://www.linkedin.com/jobs-guest/jobs/api/seeMoreJobPostings/search?keywords=rust%20dev
2026-06-10 17:07:47,388 - INFO - [DEBUG] Dropped job in 'united kingdom' - not in target list
2026-06-10 17:07:47,388 - INFO - [DEBUG] Dropped job in 'new jersey, united states' - not in target list
2026-06-10 17:07:47,388 - INFO - [DEBUG] Dropped job in 'oregon, united states' - not in target list
2026-06-10 17:07:47,388 - INFO - [DEBUG] Dropped job in 'tennessee, united states' - not in target list
2026-06-10 17:07:47,388 - INFO - [DEBUG] Dropped job in 'canada' - not in target list
2026-06-10 17:07:47,388 - INFO - [DEBUG] Dropped job in 'philadelphia, pa' - not in target list
2026-06-10 17:07:47,388 - INFO - [DEBUG] Dropped job in 'united kingdom' - not in target list
2026-06-10 17:07:47,388 - INFO - [DEBUG] Dropped job in 'herndon, va' - not in target list
2026-06-10 17:07:47,389 - INFO - [DEBUG] Dropped job in 'pasig, national capital region, philippines' - not in target list
2026-06-10 17:07:47,389 - INFO - [DEBUG] Dropped job in 'forest park, ga' - not in target list
2026-06-10 17:07:47,389 - INFO -  [OK] LinkedIn: 29 fetched → 19 new & recent (filtered: 10)
2026-06-10 17:07:57,758 - INFO -  [OK] Naukri: 22 fetched → 2 new & recent (filtered: 20)
2026-06-10 17:07:58,258 - INFO -  [OK] Remotive: 2 fetched → 0 new & recent (filtered: 2)
2026-06-10 17:07:59,546 - INFO -  [OK] WeWorkRemotely: 2 fetched → 0 new & recent (filtered: 2)
2026-06-10 17:08:00,236 - INFO -  [OK] RemoteOK: 0 fetched → 0 new & recent (filtered: 0)
2026-06-10 17:08:02,852 - INFO -   [Sent] Sent 1 new jobs for 'rust developer'
2026-06-10 17:08:04,669 - INFO -   [OK] Pushed 'sent_jobs.json' to GitHub.
2026-06-10 17:08:05,934 - INFO -   [OK] Pushed 'last_run.json' to GitHub.
2026-06-10 17:08:06,936 - INFO - 
--------------------------------------------------
2026-06-10 17:08:06,937 - INFO - [Category] Category: FRONTEND | Elapsed: 3.7 min
2026-06-10 17:08:06,937 - INFO - --------------------------------------------------
2026-06-10 17:08:06,937 - INFO - 
[Search] [react developer] - ['Hyderabad', 'Bangalore', 'Chennai', 'Pune', 'Remote']
2026-06-10 17:08:08,469 - INFO -     [200] https://www.linkedin.com/jobs-guest/jobs/api/seeMoreJobPostings/search?keywords=react%20de
2026-06-10 17:08:10,059 - INFO -     [200] https://www.linkedin.com/jobs-guest/jobs/api/seeMoreJobPostings/search?keywords=react%20de
2026-06-10 17:08:11,462 - INFO -     [200] https://www.linkedin.com/jobs-guest/jobs/api/seeMoreJobPostings/search?keywords=react%20de
2026-06-10 17:08:12,904 - INFO -     [200] https://www.linkedin.com/jobs-guest/jobs/api/seeMoreJobPostings/search?keywords=react%20de
2026-06-10 17:08:14,553 - INFO -     [200] https://www.linkedin.com/jobs-guest/jobs/api/seeMoreJobPostings/search?keywords=react%20de
2026-06-10 17:08:14,764 - INFO - [DEBUG] Dropped job in 'india' - not in target list
2026-06-10 17:08:14,764 - INFO - [DEBUG] Dropped job in 'london, england, united kingdom' - not in target list
2026-06-10 17:08:14,764 - INFO - [DEBUG] Dropped job in 'ontario, canada' - not in target list
2026-06-10 17:08:14,765 - INFO - [DEBUG] Dropped job in 'madrid, community of madrid, spain' - not in target list
2026-06-10 17:08:14,765 - INFO - [DEBUG] Dropped job in 'riyadh region' - not in target list
2026-06-10 17:08:14,765 - INFO - [DEBUG] Dropped job in 'hanover, md' - not in target list
2026-06-10 17:08:14,765 - INFO - [DEBUG] Dropped job in 'united states' - not in target list
2026-06-10 17:08:14,765 - INFO - [DEBUG] Dropped job in 'united states' - not in target list
2026-06-10 17:08:14,765 - INFO -  [OK] LinkedIn: 33 fetched → 25 new & recent (filtered: 8)
2026-06-10 17:08:26,897 - INFO -  [OK] Naukri: 80 fetched → 7 new & recent (filtered: 73)
2026-06-10 17:08:27,398 - INFO -  [OK] Remotive: 13 fetched → 0 new & recent (filtered: 13)
2026-06-10 17:08:28,647 - INFO -  [OK] WeWorkRemotely: 2 fetched → 0 new & recent (filtered: 2)
2026-06-10 17:08:29,258 - INFO -  [OK] RemoteOK: 0 fetched → 0 new & recent (filtered: 0)
2026-06-10 17:08:29,759 - INFO -   [Sent] Sent 0 new jobs for 'react developer'
2026-06-10 17:08:29,759 - INFO - 
[Search] [frontend developer] - ['Hyderabad', 'Bangalore', 'Chennai', 'Pune', 'Remote']
2026-06-10 17:08:31,023 - INFO -     [200] https://www.linkedin.com/jobs-guest/jobs/api/seeMoreJobPostings/search?keywords=frontend%2
2026-06-10 17:08:32,578 - INFO -     [200] https://www.linkedin.com/jobs-guest/jobs/api/seeMoreJobPostings/search?keywords=frontend%2
2026-06-10 17:08:34,183 - INFO -     [200] https://www.linkedin.com/jobs-guest/jobs/api/seeMoreJobPostings/search?keywords=frontend%2
2026-06-10 17:08:35,646 - INFO -     [200] https://www.linkedin.com/jobs-guest/jobs/api/seeMoreJobPostings/search?keywords=frontend%2
2026-06-10 17:08:37,241 - INFO -     [200] https://www.linkedin.com/jobs-guest/jobs/api/seeMoreJobPostings/search?keywords=frontend%2
2026-06-10 17:08:37,454 - INFO - [DEBUG] Dropped job in 'india' - not in target list
2026-06-10 17:08:37,454 - INFO - [DEBUG] Dropped job in 'sri lanka' - not in target list
2026-06-10 17:08:37,454 - INFO - [DEBUG] Dropped job in 'united states' - not in target list
2026-06-10 17:08:37,454 - INFO - [DEBUG] Dropped job in 'united states' - not in target list
2026-06-10 17:08:37,454 - INFO - [DEBUG] Dropped job in 'madrid, community of madrid, spain' - not in target list
2026-06-10 17:08:37,455 - INFO - [DEBUG] Dropped job in 'hanover, md' - not in target list
2026-06-10 17:08:37,455 - INFO - [DEBUG] Dropped job in 'united states' - not in target list
2026-06-10 17:08:37,455 - INFO -  [OK] LinkedIn: 25 fetched → 18 new & recent (filtered: 7)
2026-06-10 17:08:49,234 - INFO -  [OK] Naukri: 80 fetched → 2 new & recent (filtered: 78)
2026-06-10 17:08:49,735 - INFO -  [OK] Remotive: 13 fetched → 0 new & recent (filtered: 13)
2026-06-10 17:08:51,245 - INFO -  [OK] WeWorkRemotely: 3 fetched → 0 new & recent (filtered: 3)
2026-06-10 17:08:51,856 - INFO -  [OK] RemoteOK: 0 fetched → 0 new & recent (filtered: 0)
2026-06-10 17:08:52,357 - INFO -   [Sent] Sent 0 new jobs for 'frontend developer'
2026-06-10 17:08:52,357 - INFO - 
[Search] [angular developer] - ['Hyderabad', 'Bangalore', 'Chennai', 'Pune', 'Remote']
2026-06-10 17:08:53,980 - INFO -     [200] https://www.linkedin.com/jobs-guest/jobs/api/seeMoreJobPostings/search?keywords=angular%20
2026-06-10 17:08:55,588 - INFO -     [200] https://www.linkedin.com/jobs-guest/jobs/api/seeMoreJobPostings/search?keywords=angular%20
2026-06-10 17:08:57,563 - INFO -     [200] https://www.linkedin.com/jobs-guest/jobs/api/seeMoreJobPostings/search?keywords=angular%20
2026-06-10 17:08:59,231 - INFO -     [200] https://www.linkedin.com/jobs-guest/jobs/api/seeMoreJobPostings/search?keywords=angular%20
2026-06-10 17:09:00,829 - INFO -     [200] https://www.linkedin.com/jobs-guest/jobs/api/seeMoreJobPostings/search?keywords=angular%20
2026-06-10 17:09:01,040 - INFO - [DEBUG] Dropped job in 'noida, uttar pradesh, india' - not in target list
2026-06-10 17:09:01,040 - INFO - [DEBUG] Dropped job in 'vilnius, vilniaus, lithuania' - not in target list
2026-06-10 17:09:01,040 - INFO - [DEBUG] Dropped job in 'basildon, england, united kingdom' - not in target list
2026-06-10 17:09:01,040 - INFO - [DEBUG] Dropped job in 'texas, united states' - not in target list
2026-06-10 17:09:01,040 - INFO - [DEBUG] Dropped job in 'irving, tx' - not in target list
2026-06-10 17:09:01,040 - INFO -  [OK] LinkedIn: 34 fetched → 29 new & recent (filtered: 5)
2026-06-10 17:09:13,512 - INFO -  [OK] Naukri: 81 fetched → 2 new & recent (filtered: 79)
2026-06-10 17:09:14,013 - INFO -  [OK] Remotive: 2 fetched → 0 new & recent (filtered: 2)
2026-06-10 17:09:15,341 - INFO -  [OK] WeWorkRemotely: 2 fetched → 0 new & recent (filtered: 2)
2026-06-10 17:09:15,956 - INFO -  [OK] RemoteOK: 0 fetched → 0 new & recent (filtered: 0)
2026-06-10 17:09:22,819 - INFO -   [Sent] Sent 3 new jobs for 'angular developer'
2026-06-10 17:09:24,350 - INFO -   [OK] Pushed 'sent_jobs.json' to GitHub.
2026-06-10 17:09:25,378 - INFO -   [OK] Pushed 'last_run.json' to GitHub.
2026-06-10 17:09:25,380 - INFO - 
[Search] [vue.js developer] - ['Hyderabad', 'Bangalore', 'Chennai', 'Pune', 'Remote']
2026-06-10 17:09:26,632 - INFO -     [200] https://www.linkedin.com/jobs-guest/jobs/api/seeMoreJobPostings/search?keywords=vue.js%20d
2026-06-10 17:09:28,043 - INFO -     [200] https://www.linkedin.com/jobs-guest/jobs/api/seeMoreJobPostings/search?keywords=vue.js%20d
2026-06-10 17:09:29,542 - INFO -     [200] https://www.linkedin.com/jobs-guest/jobs/api/seeMoreJobPostings/search?keywords=vue.js%20d
2026-06-10 17:09:31,068 - INFO -     [200] https://www.linkedin.com/jobs-guest/jobs/api/seeMoreJobPostings/search?keywords=vue.js%20d
2026-06-10 17:09:32,713 - INFO -     [200] https://www.linkedin.com/jobs-guest/jobs/api/seeMoreJobPostings/search?keywords=vue.js%20d
2026-06-10 17:09:32,937 - INFO - [DEBUG] Dropped job in 'greater sevilla metropolitan area' - not in target list
2026-06-10 17:09:32,937 - INFO - [DEBUG] Dropped job in 'united states' - not in target list
2026-06-10 17:09:32,937 - INFO - [DEBUG] Dropped job in 'united states' - not in target list
2026-06-10 17:09:32,937 - INFO - [DEBUG] Dropped job in 'karnataka, india' - not in target list
2026-06-10 17:09:32,937 - INFO - [DEBUG] Dropped job in 'richmond, va' - not in target list
2026-06-10 17:09:32,937 - INFO - [DEBUG] Dropped job in 'indiana, united states' - not in target list
2026-06-10 17:09:32,937 - INFO - [DEBUG] Dropped job in 'charlotte, nc' - not in target list
2026-06-10 17:09:32,938 - INFO - [DEBUG] Dropped job in 'brazil' - not in target list
2026-06-10 17:09:32,938 - INFO - [DEBUG] Dropped job in 'montreal, quebec, canada' - not in target list
2026-06-10 17:09:32,938 - INFO -  [OK] LinkedIn: 15 fetched → 6 new & recent (filtered: 9)
2026-06-10 17:09:44,490 - INFO -  [OK] Naukri: 76 fetched → 7 new & recent (filtered: 69)
2026-06-10 17:09:44,991 - INFO -  [OK] Remotive: 2 fetched → 0 new & recent (filtered: 2)
2026-06-10 17:09:46,249 - INFO -  [OK] WeWorkRemotely: 2 fetched → 0 new & recent (filtered: 2)
2026-06-10 17:09:46,857 - INFO -  [OK] RemoteOK: 0 fetched → 0 new & recent (filtered: 0)
2026-06-10 17:09:47,358 - INFO -   [Sent] Sent 0 new jobs for 'vue.js developer'
2026-06-10 17:09:47,358 - INFO - 
[Search] [typescript developer] - ['Hyderabad', 'Bangalore', 'Chennai', 'Pune', 'Remote']
2026-06-10 17:09:48,540 - INFO -     [200] https://www.linkedin.com/jobs-guest/jobs/api/seeMoreJobPostings/search?keywords=typescript
2026-06-10 17:09:50,100 - INFO -     [200] https://www.linkedin.com/jobs-guest/jobs/api/seeMoreJobPostings/search?keywords=typescript
2026-06-10 17:09:51,689 - INFO -     [200] https://www.linkedin.com/jobs-guest/jobs/api/seeMoreJobPostings/search?keywords=typescript
2026-06-10 17:09:53,228 - INFO -     [200] https://www.linkedin.com/jobs-guest/jobs/api/seeMoreJobPostings/search?keywords=typescript
2026-06-10 17:09:55,211 - INFO -     [200] https://www.linkedin.com/jobs-guest/jobs/api/seeMoreJobPostings/search?keywords=typescript
2026-06-10 17:09:55,440 - INFO - [DEBUG] Dropped job in 'peoria, il' - not in target list
2026-06-10 17:09:55,441 - INFO - [DEBUG] Dropped job in 'united kingdom' - not in target list
2026-06-10 17:09:55,441 - INFO - [DEBUG] Dropped job in 'manchester area, united kingdom' - not in target list
2026-06-10 17:09:55,441 - INFO - [DEBUG] Dropped job in 'abuja, federal capital territory, nigeria' - not in target list
2026-06-10 17:09:55,441 - INFO - [DEBUG] Dropped job in 'canada' - not in target list
2026-06-10 17:09:55,441 - INFO - [DEBUG] Dropped job in 'latin america' - not in target list
2026-06-10 17:09:55,441 - INFO - [DEBUG] Dropped job in 'tennessee, united states' - not in target list
2026-06-10 17:09:55,441 - INFO - [DEBUG] Dropped job in 'madison, wi' - not in target list
2026-06-10 17:09:55,441 - INFO - [DEBUG] Dropped job in 'jakarta, indonesia' - not in target list
2026-06-10 17:09:55,441 - INFO -  [OK] LinkedIn: 14 fetched → 5 new & recent (filtered: 9)
2026-06-10 17:10:06,746 - INFO -  [OK] Naukri: 81 fetched → 21 new & recent (filtered: 60)
2026-06-10 17:10:07,247 - INFO -  [OK] Remotive: 12 fetched → 0 new & recent (filtered: 12)
2026-06-10 17:10:08,647 - INFO -  [OK] WeWorkRemotely: 2 fetched → 0 new & recent (filtered: 2)
2026-06-10 17:10:09,346 - INFO -  [OK] RemoteOK: 0 fetched → 0 new & recent (filtered: 0)
2026-06-10 17:10:11,967 - INFO -   [Sent] Sent 1 new jobs for 'typescript developer'
2026-06-10 17:10:13,587 - INFO -   [OK] Pushed 'sent_jobs.json' to GitHub.
2026-06-10 17:10:14,795 - INFO -   [OK] Pushed 'last_run.json' to GitHub.
2026-06-10 17:10:15,798 - INFO - 
--------------------------------------------------
2026-06-10 17:10:15,798 - INFO - [Category] Category: DEVOPS | Elapsed: 5.9 min
2026-06-10 17:10:15,798 - INFO - --------------------------------------------------
2026-06-10 17:10:15,798 - INFO - 
[Search] [devops engineer] - ['Hyderabad', 'Bangalore', 'Chennai', 'Pune', 'Remote']
2026-06-10 17:10:17,320 - INFO -     [200] https://www.linkedin.com/jobs-guest/jobs/api/seeMoreJobPostings/search?keywords=devops%20e
2026-06-10 17:10:19,027 - INFO -     [200] https://www.linkedin.com/jobs-guest/jobs/api/seeMoreJobPostings/search?keywords=devops%20e
2026-06-10 17:10:20,671 - INFO -     [200] https://www.linkedin.com/jobs-guest/jobs/api/seeMoreJobPostings/search?keywords=devops%20e
2026-06-10 17:10:22,291 - INFO -     [200] https://www.linkedin.com/jobs-guest/jobs/api/seeMoreJobPostings/search?keywords=devops%20e
2026-06-10 17:10:23,830 - INFO -     [200] https://www.linkedin.com/jobs-guest/jobs/api/seeMoreJobPostings/search?keywords=devops%20e
2026-06-10 17:10:24,044 - INFO - [DEBUG] Dropped job in 'united states' - not in target list
2026-06-10 17:10:24,044 - INFO - [DEBUG] Dropped job in 'tallahassee, fl' - not in target list
2026-06-10 17:10:24,045 - INFO - [DEBUG] Dropped job in 'morrisville, nc' - not in target list
2026-06-10 17:10:24,045 - INFO - [DEBUG] Dropped job in 'austin, tx' - not in target list
2026-06-10 17:10:24,045 - INFO - [DEBUG] Dropped job in 'leeds, england, united kingdom' - not in target list
2026-06-10 17:10:24,045 - INFO - [DEBUG] Dropped job in 'united states' - not in target list
2026-06-10 17:10:24,045 - INFO - [DEBUG] Dropped job in 'palo alto, ca' - not in target list
2026-06-10 17:10:24,045 - INFO - [DEBUG] Dropped job in 'herndon, va' - not in target list
2026-06-10 17:10:24,045 - INFO - [DEBUG] Dropped job in 'united kingdom' - not in target list
2026-06-10 17:10:24,045 - INFO - [DEBUG] Dropped job in 'riyadh, saudi arabia' - not in target list
2026-06-10 17:10:24,045 - INFO -  [OK] LinkedIn: 38 fetched → 28 new & recent (filtered: 10)
2026-06-10 17:10:37,284 - INFO -  [OK] Naukri: 90 fetched → 3 new & recent (filtered: 87)
2026-06-10 17:10:37,785 - INFO -  [OK] Remotive: 13 fetched → 0 new & recent (filtered: 13)
2026-06-10 17:10:39,040 - INFO -  [OK] WeWorkRemotely: 13 fetched → 0 new & recent (filtered: 13)
2026-06-10 17:10:39,659 - INFO -  [OK] RemoteOK: 0 fetched → 0 new & recent (filtered: 0)
2026-06-10 17:10:57,040 - INFO -   [Sent] Sent 8 new jobs for 'devops engineer'
2026-06-10 17:10:58,435 - INFO -   [OK] Pushed 'sent_jobs.json' to GitHub.
2026-06-10 17:10:59,645 - INFO -   [OK] Pushed 'last_run.json' to GitHub.
2026-06-10 17:10:59,647 - INFO - 
[Search] [cloud engineer] - ['Hyderabad', 'Bangalore', 'Chennai', 'Pune', 'Remote']
2026-06-10 17:11:00,947 - INFO -     [200] https://www.linkedin.com/jobs-guest/jobs/api/seeMoreJobPostings/search?keywords=cloud%20en
2026-06-10 17:11:02,850 - INFO -     [200] https://www.linkedin.com/jobs-guest/jobs/api/seeMoreJobPostings/search?keywords=cloud%20en
2026-06-10 17:11:04,539 - INFO -     [200] https://www.linkedin.com/jobs-guest/jobs/api/seeMoreJobPostings/search?keywords=cloud%20en
2026-06-10 17:11:06,033 - INFO -     [200] https://www.linkedin.com/jobs-guest/jobs/api/seeMoreJobPostings/search?keywords=cloud%20en
2026-06-10 17:11:07,187 - INFO -     [429] https://www.linkedin.com/jobs-guest/jobs/api/seeMoreJobPostings/search?keywords=cloud%20en
2026-06-10 17:11:07,390 - INFO -  [OK] LinkedIn: 40 fetched → 40 new & recent (filtered: 0)
2026-06-10 17:11:19,294 - INFO -  [OK] Naukri: 88 fetched → 4 new & recent (filtered: 84)
2026-06-10 17:11:19,795 - INFO -  [OK] Remotive: 13 fetched → 0 new & recent (filtered: 13)
2026-06-10 17:11:21,238 - INFO -  [OK] WeWorkRemotely: 13 fetched → 0 new & recent (filtered: 13)
2026-06-10 17:11:21,859 - INFO -  [OK] RemoteOK: 0 fetched → 0 new & recent (filtered: 0)
2026-06-10 17:11:34,989 - INFO -   [Sent] Sent 6 new jobs for 'cloud engineer'
2026-06-10 17:11:36,608 - INFO -   [OK] Pushed 'sent_jobs.json' to GitHub.
2026-06-10 17:11:37,798 - INFO -   [OK] Pushed 'last_run.json' to GitHub.
2026-06-10 17:11:37,800 - INFO - 
[Search] [site reliability engineer] - ['Hyderabad', 'Bangalore', 'Chennai', 'Pune', 'Remote']
2026-06-10 17:11:39,252 - INFO -     [200] https://www.linkedin.com/jobs-guest/jobs/api/seeMoreJobPostings/search?keywords=site%20rel
2026-06-10 17:11:40,780 - INFO -     [200] https://www.linkedin.com/jobs-guest/jobs/api/seeMoreJobPostings/search?keywords=site%20rel
2026-06-10 17:11:42,656 - INFO -     [200] https://www.linkedin.com/jobs-guest/jobs/api/seeMoreJobPostings/search?keywords=site%20rel
2026-06-10 17:11:44,261 - INFO -     [200] https://www.linkedin.com/jobs-guest/jobs/api/seeMoreJobPostings/search?keywords=site%20rel
2026-06-10 17:11:45,882 - INFO -     [200] https://www.linkedin.com/jobs-guest/jobs/api/seeMoreJobPostings/search?keywords=site%20rel
2026-06-10 17:11:46,093 - INFO - [DEBUG] Dropped job in 'riyadh, saudi arabia' - not in target list
2026-06-10 17:11:46,093 - INFO - [DEBUG] Dropped job in 'united states' - not in target list
2026-06-10 17:11:46,093 - INFO - [DEBUG] Dropped job in 'united states' - not in target list
2026-06-10 17:11:46,093 - INFO - [DEBUG] Dropped job in 'canada' - not in target list
2026-06-10 17:11:46,094 - INFO - [DEBUG] Dropped job in 'washington, dc' - not in target list
2026-06-10 17:11:46,094 - INFO - [DEBUG] Dropped job in 'bellevue, wa' - not in target list
2026-06-10 17:11:46,094 - INFO - [DEBUG] Dropped job in 'united states' - not in target list
2026-06-10 17:11:46,094 - INFO - [DEBUG] Dropped job in 'tallahassee, fl' - not in target list
2026-06-10 17:11:46,094 - INFO - [DEBUG] Dropped job in 'morrisville, nc' - not in target list
2026-06-10 17:11:46,094 - INFO -  [OK] LinkedIn: 48 fetched → 39 new & recent (filtered: 9)
2026-06-10 17:11:58,134 - INFO -  [OK] Naukri: 86 fetched → 8 new & recent (filtered: 78)
2026-06-10 17:11:58,635 - INFO -  [OK] Remotive: 13 fetched → 0 new & recent (filtered: 13)
2026-06-10 17:11:59,939 - INFO -  [OK] WeWorkRemotely: 14 fetched → 0 new & recent (filtered: 14)
2026-06-10 17:12:00,637 - INFO -  [OK] RemoteOK: 0 fetched → 0 new & recent (filtered: 0)
2026-06-10 17:12:05,364 - INFO -   [Sent] Sent 2 new jobs for 'site reliability engineer'
2026-06-10 17:12:07,001 - INFO -   [OK] Pushed 'sent_jobs.json' to GitHub.
2026-06-10 17:12:07,969 - INFO -   [OK] Pushed 'last_run.json' to GitHub.
2026-06-10 17:12:07,972 - INFO - 
[Search] [platform engineer] - ['Hyderabad', 'Bangalore', 'Chennai', 'Pune', 'Remote']
2026-06-10 17:12:09,554 - INFO -     [200] https://www.linkedin.com/jobs-guest/jobs/api/seeMoreJobPostings/search?keywords=platform%2
2026-06-10 17:12:11,064 - INFO -     [200] https://www.linkedin.com/jobs-guest/jobs/api/seeMoreJobPostings/search?keywords=platform%2
2026-06-10 17:12:12,631 - INFO -     [200] https://www.linkedin.com/jobs-guest/jobs/api/seeMoreJobPostings/search?keywords=platform%2
2026-06-10 17:12:14,148 - INFO -     [200] https://www.linkedin.com/jobs-guest/jobs/api/seeMoreJobPostings/search?keywords=platform%2
2026-06-10 17:12:15,919 - INFO -     [200] https://www.linkedin.com/jobs-guest/jobs/api/seeMoreJobPostings/search?keywords=platform%2
2026-06-10 17:12:16,137 - INFO - [DEBUG] Dropped job in 'toronto, ontario, canada' - not in target list
2026-06-10 17:12:16,137 - INFO - [DEBUG] Dropped job in 'san francisco, ca' - not in target list
2026-06-10 17:12:16,137 - INFO - [DEBUG] Dropped job in 'london, england, united kingdom' - not in target list
2026-06-10 17:12:16,137 - INFO - [DEBUG] Dropped job in 'warminster, england, united kingdom' - not in target list
2026-06-10 17:12:16,137 - INFO - [DEBUG] Dropped job in 'singapore, singapore' - not in target list
2026-06-10 17:12:16,138 - INFO - [DEBUG] Dropped job in 'new york, united states' - not in target list
2026-06-10 17:12:16,138 - INFO - [DEBUG] Dropped job in 'alderley edge, england, united kingdom' - not in target list
2026-06-10 17:12:16,138 - INFO - [DEBUG] Dropped job in 'vilnius, vilniaus, lithuania' - not in target list
2026-06-10 17:12:16,138 - INFO - [DEBUG] Dropped job in 'stamford, ct' - not in target list
2026-06-10 17:12:16,138 - INFO - [DEBUG] Dropped job in 'sydney, new south wales, australia' - not in target list
2026-06-10 17:12:16,138 - INFO -  [OK] LinkedIn: 43 fetched → 33 new & recent (filtered: 10)
2026-06-10 17:12:28,211 - INFO -  [OK] Naukri: 93 fetched → 10 new & recent (filtered: 83)
2026-06-10 17:12:28,711 - INFO -  [OK] Remotive: 13 fetched → 0 new & recent (filtered: 13)
2026-06-10 17:12:29,942 - INFO -  [OK] WeWorkRemotely: 16 fetched → 0 new & recent (filtered: 16)
2026-06-10 17:12:30,654 - INFO -  [OK] RemoteOK: 0 fetched → 0 new & recent (filtered: 0)
2026-06-10 17:12:45,989 - INFO -   [Sent] Sent 7 new jobs for 'platform engineer'
2026-06-10 17:12:47,593 - INFO -   [OK] Pushed 'sent_jobs.json' to GitHub.
2026-06-10 17:12:48,693 - INFO -   [OK] Pushed 'last_run.json' to GitHub.
2026-06-10 17:12:48,696 - INFO - 
[Search] [kubernetes engineer] - ['Hyderabad', 'Bangalore', 'Chennai', 'Pune', 'Remote']
2026-06-10 17:12:50,060 - INFO -     [200] https://www.linkedin.com/jobs-guest/jobs/api/seeMoreJobPostings/search?keywords=kubernetes
2026-06-10 17:12:51,659 - INFO -     [200] https://www.linkedin.com/jobs-guest/jobs/api/seeMoreJobPostings/search?keywords=kubernetes
2026-06-10 17:12:53,045 - INFO -     [200] https://www.linkedin.com/jobs-guest/jobs/api/seeMoreJobPostings/search?keywords=kubernetes
2026-06-10 17:12:54,619 - INFO -     [200] https://www.linkedin.com/jobs-guest/jobs/api/seeMoreJobPostings/search?keywords=kubernetes
2026-06-10 17:12:56,232 - INFO -     [200] https://www.linkedin.com/jobs-guest/jobs/api/seeMoreJobPostings/search?keywords=kubernetes
2026-06-10 17:12:56,448 - INFO - [DEBUG] Dropped job in 'grünwald, bavaria, germany' - not in target list
2026-06-10 17:12:56,448 - INFO - [DEBUG] Dropped job in 'san francisco, ca' - not in target list
2026-06-10 17:12:56,448 - INFO - [DEBUG] Dropped job in 'atlanta, ga' - not in target list
2026-06-10 17:12:56,448 - INFO - [DEBUG] Dropped job in 'london, england, united kingdom' - not in target list
2026-06-10 17:12:56,448 - INFO - [DEBUG] Dropped job in 'hungary' - not in target list
2026-06-10 17:12:56,448 - INFO - [DEBUG] Dropped job in 'dubai, dubai, united arab emirates' - not in target list
2026-06-10 17:12:56,449 - INFO - [DEBUG] Dropped job in 'new york city metropolitan area' - not in target list
2026-06-10 17:12:56,449 - INFO - [DEBUG] Dropped job in 'karlsruhe, baden-württemberg, germany' - not in target list
2026-06-10 17:12:56,449 - INFO - [DEBUG] Dropped job in 'norrköping, östergötland county, sweden' - not in target list
2026-06-10 17:12:56,449 - INFO - [DEBUG] Dropped job in 'glasgow, scotland, united kingdom' - not in target list
2026-06-10 17:12:56,449 - INFO -  [OK] LinkedIn: 35 fetched → 25 new & recent (filtered: 10)
2026-06-10 17:13:07,386 - INFO -  [OK] Naukri: 68 fetched → 4 new & recent (filtered: 64)
2026-06-10 17:13:07,887 - INFO -  [OK] Remotive: 13 fetched → 0 new & recent (filtered: 13)
2026-06-10 17:13:09,148 - INFO -  [OK] WeWorkRemotely: 13 fetched → 0 new & recent (filtered: 13)
2026-06-10 17:13:09,758 - INFO -  [OK] RemoteOK: 0 fetched → 0 new & recent (filtered: 0)
2026-06-10 17:13:18,662 - INFO -   [Sent] Sent 4 new jobs for 'kubernetes engineer'
2026-06-10 17:13:20,334 - INFO -   [OK] Pushed 'sent_jobs.json' to GitHub.
2026-06-10 17:13:21,512 - INFO -   [OK] Pushed 'last_run.json' to GitHub.
2026-06-10 17:13:24,006 - INFO -   [OK] Pushed 'sent_jobs.json' to GitHub.
2026-06-10 17:13:25,105 - INFO -   [OK] Pushed 'last_run.json' to GitHub.
2026-06-10 17:13:25,106 - INFO - 
==================================================
2026-06-10 17:13:25,107 - INFO - [OK] Run complete. Total new jobs sent: 62
2026-06-10 17:13:25,107 - INFO - ==================================================
============================================================
[RUN END] exit code: 0
============================================================
2026-06-10 17:34:19,708 - INFO - [startup] Pulled 3000 log lines from GitHub.
============================================================
[RUN START] 2026-06-10 17:34:23 UTC
============================================================
2026-06-10 17:34:24,279 - INFO - [OK] Config OK - 3 active categories, 16 keywords total
2026-06-10 17:34:24,678 - INFO - 
============================================================
2026-06-10 17:34:24,679 - INFO - [STARTUP] ENV VAR CHECK
2026-06-10 17:34:24,765 - INFO - ============================================================
2026-06-10 17:34:24,765 - INFO -   [OK]     SST_BOT_TOKEN = ***wE1Y
2026-06-10 17:34:24,765 - INFO -   [OK]     SST_BACKEND_JOBS_CHAT_ID = ***1312
2026-06-10 17:34:24,765 - INFO -   [OK]     SST_FRONTEND_JOBS_CHAT_ID = ***8207
2026-06-10 17:34:24,765 - INFO -   [OK]     SST_DEVOPS_JOBS_CHAT_ID = ***1587
2026-06-10 17:34:24,765 - INFO -   [OK]     GITHUB_TOKEN = ***IB17
2026-06-10 17:34:24,765 - INFO -   [OK]     GITHUB_REPO = ***-bot
2026-06-10 17:34:24,765 - INFO -   [OK]     SCRAPER_API_KEY = ***nK5Z
2026-06-10 17:34:24,765 - INFO - ============================================================
2026-06-10 17:34:25,172 - INFO - [OK] Successfully pulled sent_jobs.json from GitHub.
2026-06-10 17:34:25,482 - INFO - [OK] Successfully pulled last_run.json from GitHub.
2026-06-10 17:34:25,485 - INFO - 
[Time] Last run: 2026-06-10 22:43:24.008761+05:30
2026-06-10 17:34:25,485 - INFO - [State] Already sent: 5000 job IDs
2026-06-10 17:34:25,486 - INFO - 
--------------------------------------------------
2026-06-10 17:34:25,486 - INFO - [Category] Category: BACKEND | Elapsed: 0.0 min
2026-06-10 17:34:25,486 - INFO - --------------------------------------------------
2026-06-10 17:34:25,486 - INFO - 
[Search] [python developer] - ['Hyderabad', 'Bangalore', 'Chennai', 'Pune', 'Remote']
2026-06-10 17:34:26,987 - INFO -     [200] https://www.linkedin.com/jobs-guest/jobs/api/seeMoreJobPostings/search?keywords=python%20d
2026-06-10 17:34:29,849 - INFO -     [200] https://www.linkedin.com/jobs-guest/jobs/api/seeMoreJobPostings/search?keywords=python%20d
2026-06-10 17:34:31,285 - INFO -     [200] https://www.linkedin.com/jobs-guest/jobs/api/seeMoreJobPostings/search?keywords=python%20d
2026-06-10 17:34:33,113 - INFO -     [200] https://www.linkedin.com/jobs-guest/jobs/api/seeMoreJobPostings/search?keywords=python%20d
2026-06-10 17:34:34,954 - INFO -     [200] https://www.linkedin.com/jobs-guest/jobs/api/seeMoreJobPostings/search?keywords=python%20d
2026-06-10 17:34:35,168 - INFO - [DEBUG] Dropped job in 'omaha, ne' - not in target list
2026-06-10 17:34:35,168 - INFO - [DEBUG] Dropped job in 'velachery, tamil nadu, india' - not in target list
2026-06-10 17:34:35,168 - INFO - [DEBUG] Dropped job in 'india' - not in target list
2026-06-10 17:34:35,168 - INFO - [DEBUG] Dropped job in 'london, england, united kingdom' - not in target list
2026-06-10 17:34:35,169 - INFO - [DEBUG] Dropped job in 'exeter, england, united kingdom' - not in target list
2026-06-10 17:34:35,169 - INFO - [DEBUG] Dropped job in 'london, england, united kingdom' - not in target list
2026-06-10 17:34:35,169 - INFO - [DEBUG] Dropped job in 'stockholm, stockholm county, sweden' - not in target list
2026-06-10 17:34:35,169 - INFO - [DEBUG] Dropped job in 'charlotte, nc' - not in target list
2026-06-10 17:34:35,169 - INFO - [DEBUG] Dropped job in 'guntur mandal, andhra pradesh, india' - not in target list
2026-06-10 17:34:35,169 - INFO -  [OK] LinkedIn: 40 fetched → 31 new & recent (filtered: 9)
2026-06-10 17:34:47,696 - INFO -  [OK] Naukri: 82 fetched → 24 new & recent (filtered: 58)
2026-06-10 17:34:48,370 - INFO -     [Remotive] Cached 28 total jobs
2026-06-10 17:34:48,372 - INFO -  [OK] Remotive: 2 fetched → 0 new & recent (filtered: 2)
2026-06-10 17:34:49,672 - INFO -  [OK] WeWorkRemotely: 3 fetched → 0 new & recent (filtered: 3)
2026-06-10 17:34:50,286 - INFO -  [OK] RemoteOK: 0 fetched → 0 new & recent (filtered: 0)
2026-06-10 17:35:14,179 - INFO -   [Sent] Sent 11 new jobs for 'python developer'
2026-06-10 17:35:15,820 - INFO -   [OK] Pushed 'sent_jobs.json' to GitHub.
2026-06-10 17:35:16,857 - INFO -   [OK] Pushed 'last_run.json' to GitHub.
2026-06-10 17:35:16,860 - INFO - 
[Search] [java developer] - ['Hyderabad', 'Bangalore', 'Chennai', 'Pune', 'Remote']
2026-06-10 17:35:18,430 - INFO -     [200] https://www.linkedin.com/jobs-guest/jobs/api/seeMoreJobPostings/search?keywords=java%20dev
2026-06-10 17:35:20,050 - INFO -     [200] https://www.linkedin.com/jobs-guest/jobs/api/seeMoreJobPostings/search?keywords=java%20dev
2026-06-10 17:35:21,675 - INFO -     [200] https://www.linkedin.com/jobs-guest/jobs/api/seeMoreJobPostings/search?keywords=java%20dev
2026-06-10 17:35:23,728 - INFO -     [200] https://www.linkedin.com/jobs-guest/jobs/api/seeMoreJobPostings/search?keywords=java%20dev
2026-06-10 17:35:25,581 - INFO -     [200] https://www.linkedin.com/jobs-guest/jobs/api/seeMoreJobPostings/search?keywords=java%20dev
2026-06-10 17:35:25,794 - INFO - [DEBUG] Dropped job in 'london, england, united kingdom' - not in target list
2026-06-10 17:35:25,794 - INFO - [DEBUG] Dropped job in 'london, england, united kingdom' - not in target list
2026-06-10 17:35:25,794 - INFO - [DEBUG] Dropped job in 'pennsylvania, united states' - not in target list
2026-06-10 17:35:25,794 - INFO - [DEBUG] Dropped job in 'fremont, ca' - not in target list
2026-06-10 17:35:25,795 - INFO - [DEBUG] Dropped job in 'new jersey, united states' - not in target list
2026-06-10 17:35:25,795 - INFO - [DEBUG] Dropped job in 'greater toronto area, canada' - not in target list
2026-06-10 17:35:25,795 - INFO - [DEBUG] Dropped job in 'lisboa, lisbon, portugal' - not in target list
2026-06-10 17:35:25,795 - INFO - [DEBUG] Dropped job in 'cambridge, england, united kingdom' - not in target list
2026-06-10 17:35:25,795 - INFO - [DEBUG] Dropped job in 'jersey city, nj' - not in target list
2026-06-10 17:35:25,795 - INFO - [DEBUG] Dropped job in 'new jersey, united states' - not in target list
2026-06-10 17:35:25,795 - INFO -  [OK] LinkedIn: 46 fetched → 36 new & recent (filtered: 10)
2026-06-10 17:35:37,576 - INFO -  [OK] Naukri: 68 fetched → 20 new & recent (filtered: 48)
2026-06-10 17:35:38,077 - INFO -  [OK] Remotive: 3 fetched → 0 new & recent (filtered: 3)
2026-06-10 17:35:39,377 - INFO -  [OK] WeWorkRemotely: 2 fetched → 0 new & recent (filtered: 2)
2026-06-10 17:35:39,986 - INFO -  [OK] RemoteOK: 0 fetched → 0 new & recent (filtered: 0)
2026-06-10 17:35:57,399 - INFO -   [Sent] Sent 8 new jobs for 'java developer'
2026-06-10 17:35:58,947 - INFO -   [OK] Pushed 'sent_jobs.json' to GitHub.
2026-06-10 17:35:59,949 - INFO -   [OK] Pushed 'last_run.json' to GitHub.
2026-06-10 17:35:59,951 - INFO - 
[Search] [node.js developer] - ['Hyderabad', 'Bangalore', 'Chennai', 'Pune', 'Remote']
2026-06-10 17:36:01,119 - INFO -     [200] https://www.linkedin.com/jobs-guest/jobs/api/seeMoreJobPostings/search?keywords=node.js%20
2026-06-10 17:36:02,725 - INFO -     [200] https://www.linkedin.com/jobs-guest/jobs/api/seeMoreJobPostings/search?keywords=node.js%20
2026-06-10 17:36:04,054 - INFO -     [200] https://www.linkedin.com/jobs-guest/jobs/api/seeMoreJobPostings/search?keywords=node.js%20
2026-06-10 17:36:05,434 - INFO -     [200] https://www.linkedin.com/jobs-guest/jobs/api/seeMoreJobPostings/search?keywords=node.js%20
2026-06-10 17:36:06,352 - INFO -     [200] https://www.linkedin.com/jobs-guest/jobs/api/seeMoreJobPostings/search?keywords=node.js%20
2026-06-10 17:36:06,563 - INFO - [DEBUG] Dropped job in 'dallas, tx' - not in target list
2026-06-10 17:36:06,563 - INFO - [DEBUG] Dropped job in 'united states' - not in target list
2026-06-10 17:36:06,563 - INFO - [DEBUG] Dropped job in 'halawa heights, hi' - not in target list
2026-06-10 17:36:06,563 - INFO - [DEBUG] Dropped job in 'dallas, tx' - not in target list
2026-06-10 17:36:06,563 - INFO - [DEBUG] Dropped job in 'riyadh region' - not in target list
2026-06-10 17:36:06,563 - INFO - [DEBUG] Dropped job in 'india' - not in target list
2026-06-10 17:36:06,564 - INFO - [DEBUG] Dropped job in 'united states' - not in target list
2026-06-10 17:36:06,564 - INFO - [DEBUG] Dropped job in 'united states' - not in target list
2026-06-10 17:36:06,564 - INFO - [DEBUG] Dropped job in 'united states' - not in target list
2026-06-10 17:36:06,564 - INFO -  [OK] LinkedIn: 39 fetched → 30 new & recent (filtered: 9)
2026-06-10 17:36:18,794 - INFO -  [OK] Naukri: 76 fetched → 5 new & recent (filtered: 71)
2026-06-10 17:36:19,294 - INFO -  [OK] Remotive: 2 fetched → 0 new & recent (filtered: 2)
2026-06-10 17:36:20,667 - INFO -  [OK] WeWorkRemotely: 2 fetched → 0 new & recent (filtered: 2)
2026-06-10 17:36:21,372 - INFO -  [OK] RemoteOK: 0 fetched → 0 new & recent (filtered: 0)
2026-06-10 17:36:26,106 - INFO -   [Sent] Sent 2 new jobs for 'node.js developer'
2026-06-10 17:36:27,523 - INFO -   [OK] Pushed 'sent_jobs.json' to GitHub.
2026-06-10 17:36:28,640 - INFO -   [OK] Pushed 'last_run.json' to GitHub.
2026-06-10 17:36:28,643 - INFO - 
[Search] [backend developer] - ['Hyderabad', 'Bangalore', 'Chennai', 'Pune', 'Remote']
2026-06-10 17:36:29,932 - INFO -     [200] https://www.linkedin.com/jobs-guest/jobs/api/seeMoreJobPostings/search?keywords=backend%20
2026-06-10 17:36:31,662 - INFO -     [200] https://www.linkedin.com/jobs-guest/jobs/api/seeMoreJobPostings/search?keywords=backend%20
2026-06-10 17:36:33,731 - INFO -     [200] https://www.linkedin.com/jobs-guest/jobs/api/seeMoreJobPostings/search?keywords=backend%20
2026-06-10 17:36:35,415 - INFO -     [200] https://www.linkedin.com/jobs-guest/jobs/api/seeMoreJobPostings/search?keywords=backend%20
2026-06-10 17:36:37,334 - INFO -     [200] https://www.linkedin.com/jobs-guest/jobs/api/seeMoreJobPostings/search?keywords=backend%20
2026-06-10 17:36:37,546 - INFO - [DEBUG] Dropped job in 'hamburg, hamburg, germany' - not in target list
2026-06-10 17:36:37,546 - INFO - [DEBUG] Dropped job in 'united states' - not in target list
2026-06-10 17:36:37,546 - INFO - [DEBUG] Dropped job in 'cairo, cairo, egypt' - not in target list
2026-06-10 17:36:37,546 - INFO - [DEBUG] Dropped job in 'cairo, cairo, egypt' - not in target list
2026-06-10 17:36:37,546 - INFO - [DEBUG] Dropped job in 'milan, lombardy, italy' - not in target list
2026-06-10 17:36:37,547 - INFO - [DEBUG] Dropped job in 'halawa heights, hi' - not in target list
2026-06-10 17:36:37,547 - INFO - [DEBUG] Dropped job in 'united states' - not in target list
2026-06-10 17:36:37,547 - INFO - [DEBUG] Dropped job in 'frisco, tx' - not in target list
2026-06-10 17:36:37,547 - INFO - [DEBUG] Dropped job in 'pasar minggu, jakarta, indonesia' - not in target list
2026-06-10 17:36:37,547 - INFO -  [OK] LinkedIn: 38 fetched → 29 new & recent (filtered: 9)
2026-06-10 17:36:50,155 - INFO -  [OK] Naukri: 91 fetched → 6 new & recent (filtered: 85)
2026-06-10 17:36:50,656 - INFO -  [OK] Remotive: 12 fetched → 0 new & recent (filtered: 12)
2026-06-10 17:36:52,069 - INFO -  [OK] WeWorkRemotely: 3 fetched → 0 new & recent (filtered: 3)
2026-06-10 17:36:52,765 - INFO -  [OK] RemoteOK: 0 fetched → 0 new & recent (filtered: 0)
2026-06-10 17:36:55,401 - INFO -   [Sent] Sent 1 new jobs for 'backend developer'
2026-06-10 17:36:56,997 - INFO -   [OK] Pushed 'sent_jobs.json' to GitHub.
2026-06-10 17:36:58,155 - INFO -   [OK] Pushed 'last_run.json' to GitHub.
2026-06-10 17:36:58,158 - INFO - 
[Search] [golang developer] - ['Hyderabad', 'Bangalore', 'Chennai', 'Pune', 'Remote']
2026-06-10 17:36:59,421 - INFO -     [200] https://www.linkedin.com/jobs-guest/jobs/api/seeMoreJobPostings/search?keywords=golang%20d
2026-06-10 17:37:00,996 - INFO -     [200] https://www.linkedin.com/jobs-guest/jobs/api/seeMoreJobPostings/search?keywords=golang%20d
2026-06-10 17:37:02,585 - INFO -     [200] https://www.linkedin.com/jobs-guest/jobs/api/seeMoreJobPostings/search?keywords=golang%20d
2026-06-10 17:37:04,175 - INFO -     [200] https://www.linkedin.com/jobs-guest/jobs/api/seeMoreJobPostings/search?keywords=golang%20d
2026-06-10 17:37:05,801 - INFO -     [200] https://www.linkedin.com/jobs-guest/jobs/api/seeMoreJobPostings/search?keywords=golang%20d
2026-06-10 17:37:06,012 - INFO - [DEBUG] Dropped job in 'dallas-fort worth metroplex' - not in target list
2026-06-10 17:37:06,013 - INFO - [DEBUG] Dropped job in 'new jersey, united states' - not in target list
2026-06-10 17:37:06,013 - INFO - [DEBUG] Dropped job in 'canada' - not in target list
2026-06-10 17:37:06,013 - INFO - [DEBUG] Dropped job in 'concord, ca' - not in target list
2026-06-10 17:37:06,013 - INFO - [DEBUG] Dropped job in 'oregon, united states' - not in target list
2026-06-10 17:37:06,013 - INFO - [DEBUG] Dropped job in 'tennessee, united states' - not in target list
2026-06-10 17:37:06,013 - INFO - [DEBUG] Dropped job in 'united states' - not in target list
2026-06-10 17:37:06,013 - INFO - [DEBUG] Dropped job in 'toronto, ontario, canada' - not in target list
2026-06-10 17:37:06,013 - INFO - [DEBUG] Dropped job in 'phoenix, az' - not in target list
2026-06-10 17:37:06,013 - INFO - [DEBUG] Dropped job in 'cary, nc' - not in target list
2026-06-10 17:37:06,014 - INFO -  [OK] LinkedIn: 32 fetched → 22 new & recent (filtered: 10)
2026-06-10 17:37:18,643 - INFO -  [OK] Naukri: 92 fetched → 7 new & recent (filtered: 85)
2026-06-10 17:37:19,144 - INFO -  [OK] Remotive: 2 fetched → 0 new & recent (filtered: 2)
2026-06-10 17:37:20,376 - INFO -  [OK] WeWorkRemotely: 2 fetched → 0 new & recent (filtered: 2)
2026-06-10 17:37:20,989 - INFO -  [OK] RemoteOK: 0 fetched → 0 new & recent (filtered: 0)
2026-06-10 17:37:23,697 - INFO -   [Sent] Sent 1 new jobs for 'golang developer'
2026-06-10 17:37:25,162 - INFO -   [OK] Pushed 'sent_jobs.json' to GitHub.
2026-06-10 17:37:26,195 - INFO -   [OK] Pushed 'last_run.json' to GitHub.
2026-06-10 17:37:26,197 - INFO - 
[Search] [rust developer] - ['Hyderabad', 'Bangalore', 'Chennai', 'Pune', 'Remote']
2026-06-10 17:37:27,780 - INFO -     [200] https://www.linkedin.com/jobs-guest/jobs/api/seeMoreJobPostings/search?keywords=rust%20dev
2026-06-10 17:37:29,617 - INFO -     [200] https://www.linkedin.com/jobs-guest/jobs/api/seeMoreJobPostings/search?keywords=rust%20dev
2026-06-10 17:37:31,094 - INFO -     [200] https://www.linkedin.com/jobs-guest/jobs/api/seeMoreJobPostings/search?keywords=rust%20dev
2026-06-10 17:37:32,939 - INFO -     [200] https://www.linkedin.com/jobs-guest/jobs/api/seeMoreJobPostings/search?keywords=rust%20dev
2026-06-10 17:37:34,511 - INFO -     [200] https://www.linkedin.com/jobs-guest/jobs/api/seeMoreJobPostings/search?keywords=rust%20dev
2026-06-10 17:37:34,770 - INFO - [DEBUG] Dropped job in 'new jersey, united states' - not in target list
2026-06-10 17:37:34,770 - INFO - [DEBUG] Dropped job in 'oregon, united states' - not in target list
2026-06-10 17:37:34,770 - INFO - [DEBUG] Dropped job in 'tennessee, united states' - not in target list
2026-06-10 17:37:34,770 - INFO - [DEBUG] Dropped job in 'canada' - not in target list
2026-06-10 17:37:34,770 - INFO - [DEBUG] Dropped job in 'philadelphia, pa' - not in target list
2026-06-10 17:37:34,770 - INFO - [DEBUG] Dropped job in 'herndon, va' - not in target list
2026-06-10 17:37:34,770 - INFO - [DEBUG] Dropped job in 'palo alto, ca' - not in target list
2026-06-10 17:37:34,771 - INFO - [DEBUG] Dropped job in 'pasig, national capital region, philippines' - not in target list
2026-06-10 17:37:34,771 - INFO - [DEBUG] Dropped job in 'forest park, ga' - not in target list
2026-06-10 17:37:34,771 - INFO - [DEBUG] Dropped job in 'montreal, quebec, canada' - not in target list
2026-06-10 17:37:34,771 - INFO -  [OK] LinkedIn: 21 fetched → 11 new & recent (filtered: 10)
2026-06-10 17:37:47,391 - INFO -  [OK] Naukri: 22 fetched → 2 new & recent (filtered: 20)
2026-06-10 17:37:47,892 - INFO -  [OK] Remotive: 2 fetched → 0 new & recent (filtered: 2)
2026-06-10 17:37:49,469 - INFO -  [OK] WeWorkRemotely: 2 fetched → 0 new & recent (filtered: 2)
2026-06-10 17:37:50,189 - INFO -  [OK] RemoteOK: 0 fetched → 0 new & recent (filtered: 0)
2026-06-10 17:37:50,690 - INFO -   [Sent] Sent 0 new jobs for 'rust developer'
2026-06-10 17:37:51,690 - INFO - 
--------------------------------------------------
2026-06-10 17:37:51,690 - INFO - [Category] Category: FRONTEND | Elapsed: 3.5 min
2026-06-10 17:37:51,690 - INFO - --------------------------------------------------
2026-06-10 17:37:51,690 - INFO - 
[Search] [react developer] - ['Hyderabad', 'Bangalore', 'Chennai', 'Pune', 'Remote']
2026-06-10 17:37:52,983 - INFO -     [200] https://www.linkedin.com/jobs-guest/jobs/api/seeMoreJobPostings/search?keywords=react%20de
2026-06-10 17:37:54,671 - INFO -     [200] https://www.linkedin.com/jobs-guest/jobs/api/seeMoreJobPostings/search?keywords=react%20de
2026-06-10 17:37:56,290 - INFO -     [200] https://www.linkedin.com/jobs-guest/jobs/api/seeMoreJobPostings/search?keywords=react%20de
2026-06-10 17:37:57,680 - INFO -     [200] https://www.linkedin.com/jobs-guest/jobs/api/seeMoreJobPostings/search?keywords=react%20de
2026-06-10 17:37:59,254 - INFO -     [200] https://www.linkedin.com/jobs-guest/jobs/api/seeMoreJobPostings/search?keywords=react%20de
2026-06-10 17:37:59,466 - INFO - [DEBUG] Dropped job in 'pasar minggu, jakarta, indonesia' - not in target list
2026-06-10 17:37:59,466 - INFO - [DEBUG] Dropped job in 'india' - not in target list
2026-06-10 17:37:59,466 - INFO - [DEBUG] Dropped job in 'ramat gan, tel aviv district, israel' - not in target list
2026-06-10 17:37:59,466 - INFO - [DEBUG] Dropped job in 'london, england, united kingdom' - not in target list
2026-06-10 17:37:59,466 - INFO - [DEBUG] Dropped job in 'ontario, canada' - not in target list
2026-06-10 17:37:59,466 - INFO - [DEBUG] Dropped job in 'india' - not in target list
2026-06-10 17:37:59,466 - INFO - [DEBUG] Dropped job in 'madrid, community of madrid, spain' - not in target list
2026-06-10 17:37:59,467 - INFO -  [OK] LinkedIn: 32 fetched → 25 new & recent (filtered: 7)
2026-06-10 17:38:11,536 - INFO -  [OK] Naukri: 79 fetched → 6 new & recent (filtered: 73)
2026-06-10 17:38:12,037 - INFO -  [OK] Remotive: 13 fetched → 0 new & recent (filtered: 13)
2026-06-10 17:38:13,266 - INFO -  [OK] WeWorkRemotely: 2 fetched → 0 new & recent (filtered: 2)
2026-06-10 17:38:13,888 - INFO -  [OK] RemoteOK: 0 fetched → 0 new & recent (filtered: 0)
2026-06-10 17:38:14,388 - INFO -   [Sent] Sent 0 new jobs for 'react developer'
2026-06-10 17:38:14,389 - INFO - 
[Search] [frontend developer] - ['Hyderabad', 'Bangalore', 'Chennai', 'Pune', 'Remote']
2026-06-10 17:38:15,603 - INFO -     [200] https://www.linkedin.com/jobs-guest/jobs/api/seeMoreJobPostings/search?keywords=frontend%2
2026-06-10 17:38:17,052 - INFO -     [200] https://www.linkedin.com/jobs-guest/jobs/api/seeMoreJobPostings/search?keywords=frontend%2
2026-06-10 17:38:18,679 - INFO -     [200] https://www.linkedin.com/jobs-guest/jobs/api/seeMoreJobPostings/search?keywords=frontend%2
2026-06-10 17:38:20,143 - INFO -     [200] https://www.linkedin.com/jobs-guest/jobs/api/seeMoreJobPostings/search?keywords=frontend%2
2026-06-10 17:38:21,373 - INFO -     [429] https://www.linkedin.com/jobs-guest/jobs/api/seeMoreJobPostings/search?keywords=frontend%2
2026-06-10 17:38:21,575 - INFO -  [OK] LinkedIn: 18 fetched → 18 new & recent (filtered: 0)
2026-06-10 17:38:33,460 - INFO -  [OK] Naukri: 80 fetched → 2 new & recent (filtered: 78)
2026-06-10 17:38:33,961 - INFO -  [OK] Remotive: 13 fetched → 0 new & recent (filtered: 13)
2026-06-10 17:38:35,378 - INFO -  [OK] WeWorkRemotely: 3 fetched → 0 new & recent (filtered: 3)
2026-06-10 17:38:36,067 - INFO -  [OK] RemoteOK: 0 fetched → 0 new & recent (filtered: 0)
2026-06-10 17:38:38,710 - INFO -   [Sent] Sent 1 new jobs for 'frontend developer'
2026-06-10 17:38:40,218 - INFO -   [OK] Pushed 'sent_jobs.json' to GitHub.
2026-06-10 17:38:41,345 - INFO -   [OK] Pushed 'last_run.json' to GitHub.
2026-06-10 17:38:41,348 - INFO - 
[Search] [angular developer] - ['Hyderabad', 'Bangalore', 'Chennai', 'Pune', 'Remote']
2026-06-10 17:38:42,694 - INFO -     [200] https://www.linkedin.com/jobs-guest/jobs/api/seeMoreJobPostings/search?keywords=angular%20
2026-06-10 17:38:44,304 - INFO -     [200] https://www.linkedin.com/jobs-guest/jobs/api/seeMoreJobPostings/search?keywords=angular%20
2026-06-10 17:38:46,064 - INFO -     [200] https://www.linkedin.com/jobs-guest/jobs/api/seeMoreJobPostings/search?keywords=angular%20
2026-06-10 17:38:47,620 - INFO -     [200] https://www.linkedin.com/jobs-guest/jobs/api/seeMoreJobPostings/search?keywords=angular%20
2026-06-10 17:38:48,994 - INFO -     [200] https://www.linkedin.com/jobs-guest/jobs/api/seeMoreJobPostings/search?keywords=angular%20
2026-06-10 17:38:49,205 - INFO - [DEBUG] Dropped job in 'noida, uttar pradesh, india' - not in target list
2026-06-10 17:38:49,205 - INFO - [DEBUG] Dropped job in 'vilnius, vilniaus, lithuania' - not in target list
2026-06-10 17:38:49,205 - INFO - [DEBUG] Dropped job in 'basildon, england, united kingdom' - not in target list
2026-06-10 17:38:49,205 - INFO - [DEBUG] Dropped job in 'texas, united states' - not in target list
2026-06-10 17:38:49,205 - INFO - [DEBUG] Dropped job in 'irving, tx' - not in target list
2026-06-10 17:38:49,205 - INFO -  [OK] LinkedIn: 35 fetched → 30 new & recent (filtered: 5)
2026-06-10 17:39:00,840 - INFO -  [OK] Naukri: 81 fetched → 2 new & recent (filtered: 79)
2026-06-10 17:39:01,341 - INFO -  [OK] Remotive: 2 fetched → 0 new & recent (filtered: 2)
2026-06-10 17:39:02,567 - INFO -  [OK] WeWorkRemotely: 2 fetched → 0 new & recent (filtered: 2)
2026-06-10 17:39:03,182 - INFO -  [OK] RemoteOK: 0 fetched → 0 new & recent (filtered: 0)
2026-06-10 17:39:07,891 - INFO -   [Sent] Sent 2 new jobs for 'angular developer'
2026-06-10 17:39:09,650 - INFO -   [OK] Pushed 'sent_jobs.json' to GitHub.
2026-06-10 17:39:10,847 - INFO -   [OK] Pushed 'last_run.json' to GitHub.
2026-06-10 17:39:10,849 - INFO - 
[Search] [vue.js developer] - ['Hyderabad', 'Bangalore', 'Chennai', 'Pune', 'Remote']
2026-06-10 17:39:12,230 - INFO -     [200] https://www.linkedin.com/jobs-guest/jobs/api/seeMoreJobPostings/search?keywords=vue.js%20d
2026-06-10 17:39:14,085 - INFO -     [200] https://www.linkedin.com/jobs-guest/jobs/api/seeMoreJobPostings/search?keywords=vue.js%20d
2026-06-10 17:39:15,650 - INFO -     [200] https://www.linkedin.com/jobs-guest/jobs/api/seeMoreJobPostings/search?keywords=vue.js%20d
2026-06-10 17:39:17,230 - INFO -     [200] https://www.linkedin.com/jobs-guest/jobs/api/seeMoreJobPostings/search?keywords=vue.js%20d
2026-06-10 17:39:18,830 - INFO -     [200] https://www.linkedin.com/jobs-guest/jobs/api/seeMoreJobPostings/search?keywords=vue.js%20d
2026-06-10 17:39:19,066 - INFO - [DEBUG] Dropped job in 'pasar minggu, jakarta, indonesia' - not in target list
2026-06-10 17:39:19,066 - INFO - [DEBUG] Dropped job in 'richmond, va' - not in target list
2026-06-10 17:39:19,066 - INFO - [DEBUG] Dropped job in 'denver, co' - not in target list
2026-06-10 17:39:19,066 - INFO - [DEBUG] Dropped job in 'charlotte, nc' - not in target list
2026-06-10 17:39:19,066 - INFO - [DEBUG] Dropped job in 'atlanta, ga' - not in target list
2026-06-10 17:39:19,067 - INFO - [DEBUG] Dropped job in 'united states' - not in target list
2026-06-10 17:39:19,067 - INFO - [DEBUG] Dropped job in 'brazil' - not in target list
2026-06-10 17:39:19,067 - INFO - [DEBUG] Dropped job in 'united states' - not in target list
2026-06-10 17:39:19,067 - INFO - [DEBUG] Dropped job in 'karnataka, india' - not in target list
2026-06-10 17:39:19,067 - INFO -  [OK] LinkedIn: 16 fetched → 7 new & recent (filtered: 9)
2026-06-10 17:39:30,196 - INFO -  [OK] Naukri: 76 fetched → 7 new & recent (filtered: 69)
2026-06-10 17:39:30,697 - INFO -  [OK] Remotive: 2 fetched → 0 new & recent (filtered: 2)
2026-06-10 17:39:32,066 - INFO -  [OK] WeWorkRemotely: 2 fetched → 0 new & recent (filtered: 2)
2026-06-10 17:39:32,782 - INFO -  [OK] RemoteOK: 0 fetched → 0 new & recent (filtered: 0)
2026-06-10 17:39:33,283 - INFO -   [Sent] Sent 0 new jobs for 'vue.js developer'
2026-06-10 17:39:33,283 - INFO - 
[Search] [typescript developer] - ['Hyderabad', 'Bangalore', 'Chennai', 'Pune', 'Remote']
2026-06-10 17:39:34,588 - INFO -     [200] https://www.linkedin.com/jobs-guest/jobs/api/seeMoreJobPostings/search?keywords=typescript
2026-06-10 17:39:36,179 - INFO -     [200] https://www.linkedin.com/jobs-guest/jobs/api/seeMoreJobPostings/search?keywords=typescript
2026-06-10 17:39:37,775 - INFO -     [200] https://www.linkedin.com/jobs-guest/jobs/api/seeMoreJobPostings/search?keywords=typescript
2026-06-10 17:39:39,456 - INFO -     [200] https://www.linkedin.com/jobs-guest/jobs/api/seeMoreJobPostings/search?keywords=typescript
2026-06-10 17:39:40,973 - INFO -     [200] https://www.linkedin.com/jobs-guest/jobs/api/seeMoreJobPostings/search?keywords=typescript
2026-06-10 17:39:41,184 - INFO - [DEBUG] Dropped job in 'peoria, il' - not in target list
2026-06-10 17:39:41,184 - INFO - [DEBUG] Dropped job in 'united kingdom' - not in target list
2026-06-10 17:39:41,184 - INFO - [DEBUG] Dropped job in 'manchester area, united kingdom' - not in target list
2026-06-10 17:39:41,184 - INFO - [DEBUG] Dropped job in 'abuja, federal capital territory, nigeria' - not in target list
2026-06-10 17:39:41,184 - INFO - [DEBUG] Dropped job in 'canada' - not in target list
2026-06-10 17:39:41,184 - INFO - [DEBUG] Dropped job in 'latin america' - not in target list
2026-06-10 17:39:41,184 - INFO - [DEBUG] Dropped job in 'tennessee, united states' - not in target list
2026-06-10 17:39:41,184 - INFO - [DEBUG] Dropped job in 'brooklyn, ny' - not in target list
2026-06-10 17:39:41,184 - INFO - [DEBUG] Dropped job in 'madison, wi' - not in target list
2026-06-10 17:39:41,184 - INFO - [DEBUG] Dropped job in 'jakarta, indonesia' - not in target list
2026-06-10 17:39:41,185 - INFO -  [OK] LinkedIn: 41 fetched → 31 new & recent (filtered: 10)
2026-06-10 17:39:53,610 - INFO -  [OK] Naukri: 81 fetched → 21 new & recent (filtered: 60)
2026-06-10 17:39:54,111 - INFO -  [OK] Remotive: 12 fetched → 0 new & recent (filtered: 12)
2026-06-10 17:39:55,376 - INFO -  [OK] WeWorkRemotely: 2 fetched → 0 new & recent (filtered: 2)
2026-06-10 17:39:55,984 - INFO -  [OK] RemoteOK: 0 fetched → 0 new & recent (filtered: 0)
2026-06-10 17:40:06,999 - INFO -   [Sent] Sent 5 new jobs for 'typescript developer'
2026-06-10 17:40:08,569 - INFO -   [OK] Pushed 'sent_jobs.json' to GitHub.
2026-06-10 17:40:09,617 - INFO -   [OK] Pushed 'last_run.json' to GitHub.
2026-06-10 17:40:10,619 - INFO - 
--------------------------------------------------
2026-06-10 17:40:10,620 - INFO - [Category] Category: DEVOPS | Elapsed: 5.8 min
2026-06-10 17:40:10,620 - INFO - --------------------------------------------------
2026-06-10 17:40:10,620 - INFO - 
[Search] [devops engineer] - ['Hyderabad', 'Bangalore', 'Chennai', 'Pune', 'Remote']
2026-06-10 17:40:11,981 - INFO -     [200] https://www.linkedin.com/jobs-guest/jobs/api/seeMoreJobPostings/search?keywords=devops%20e
2026-06-10 17:40:13,528 - INFO -     [200] https://www.linkedin.com/jobs-guest/jobs/api/seeMoreJobPostings/search?keywords=devops%20e
2026-06-10 17:40:15,099 - INFO -     [200] https://www.linkedin.com/jobs-guest/jobs/api/seeMoreJobPostings/search?keywords=devops%20e
2026-06-10 17:40:16,939 - INFO -     [200] https://www.linkedin.com/jobs-guest/jobs/api/seeMoreJobPostings/search?keywords=devops%20e
2026-06-10 17:40:18,367 - INFO -     [200] https://www.linkedin.com/jobs-guest/jobs/api/seeMoreJobPostings/search?keywords=devops%20e
2026-06-10 17:40:18,578 - INFO - [DEBUG] Dropped job in 'united states' - not in target list
2026-06-10 17:40:18,578 - INFO - [DEBUG] Dropped job in 'tallahassee, fl' - not in target list
2026-06-10 17:40:18,578 - INFO - [DEBUG] Dropped job in 'austin, tx' - not in target list
2026-06-10 17:40:18,578 - INFO - [DEBUG] Dropped job in 'leeds, england, united kingdom' - not in target list
2026-06-10 17:40:18,579 - INFO - [DEBUG] Dropped job in 'united states' - not in target list
2026-06-10 17:40:18,579 - INFO - [DEBUG] Dropped job in 'united states' - not in target list
2026-06-10 17:40:18,579 - INFO - [DEBUG] Dropped job in 'united kingdom' - not in target list
2026-06-10 17:40:18,579 - INFO - [DEBUG] Dropped job in 'palo alto, ca' - not in target list
2026-06-10 17:40:18,579 - INFO - [DEBUG] Dropped job in 'herndon, va' - not in target list
2026-06-10 17:40:18,579 - INFO - [DEBUG] Dropped job in 'riyadh, saudi arabia' - not in target list
2026-06-10 17:40:18,579 - INFO -  [OK] LinkedIn: 41 fetched → 31 new & recent (filtered: 10)
2026-06-10 17:40:31,223 - INFO -  [OK] Naukri: 90 fetched → 3 new & recent (filtered: 87)
2026-06-10 17:40:31,724 - INFO -  [OK] Remotive: 13 fetched → 0 new & recent (filtered: 13)
2026-06-10 17:40:33,079 - INFO -  [OK] WeWorkRemotely: 13 fetched → 0 new & recent (filtered: 13)
2026-06-10 17:40:33,689 - INFO -  [OK] RemoteOK: 0 fetched → 0 new & recent (filtered: 0)
2026-06-10 17:40:51,206 - INFO -   [Sent] Sent 8 new jobs for 'devops engineer'
2026-06-10 17:40:52,752 - INFO -   [OK] Pushed 'sent_jobs.json' to GitHub.
2026-06-10 17:40:53,792 - INFO -   [OK] Pushed 'last_run.json' to GitHub.
2026-06-10 17:40:53,794 - INFO - 
[Search] [cloud engineer] - ['Hyderabad', 'Bangalore', 'Chennai', 'Pune', 'Remote']
2026-06-10 17:40:55,227 - INFO -     [200] https://www.linkedin.com/jobs-guest/jobs/api/seeMoreJobPostings/search?keywords=cloud%20en
2026-06-10 17:40:56,824 - INFO -     [200] https://www.linkedin.com/jobs-guest/jobs/api/seeMoreJobPostings/search?keywords=cloud%20en
2026-06-10 17:40:58,294 - INFO -     [200] https://www.linkedin.com/jobs-guest/jobs/api/seeMoreJobPostings/search?keywords=cloud%20en
2026-06-10 17:40:59,859 - INFO -     [200] https://www.linkedin.com/jobs-guest/jobs/api/seeMoreJobPostings/search?keywords=cloud%20en
2026-06-10 17:41:01,380 - INFO -     [200] https://www.linkedin.com/jobs-guest/jobs/api/seeMoreJobPostings/search?keywords=cloud%20en
2026-06-10 17:41:01,590 - INFO - [DEBUG] Dropped job in 'tallahassee, fl' - not in target list
2026-06-10 17:41:01,591 - INFO - [DEBUG] Dropped job in 'united states' - not in target list
2026-06-10 17:41:01,591 - INFO - [DEBUG] Dropped job in 'riyadh, saudi arabia' - not in target list
2026-06-10 17:41:01,591 - INFO - [DEBUG] Dropped job in 'united states' - not in target list
2026-06-10 17:41:01,591 - INFO - [DEBUG] Dropped job in 'leeds, england, united kingdom' - not in target list
2026-06-10 17:41:01,591 - INFO - [DEBUG] Dropped job in 'united states' - not in target list
2026-06-10 17:41:01,591 - INFO - [DEBUG] Dropped job in 'austin, tx' - not in target list
2026-06-10 17:41:01,591 - INFO - [DEBUG] Dropped job in 'oakville, ontario, canada' - not in target list
2026-06-10 17:41:01,591 - INFO -  [OK] LinkedIn: 49 fetched → 41 new & recent (filtered: 8)
2026-06-10 17:41:14,137 - INFO -  [OK] Naukri: 88 fetched → 4 new & recent (filtered: 84)
2026-06-10 17:41:14,638 - INFO -  [OK] Remotive: 13 fetched → 0 new & recent (filtered: 13)
2026-06-10 17:41:16,068 - INFO -  [OK] WeWorkRemotely: 13 fetched → 0 new & recent (filtered: 13)
2026-06-10 17:41:16,765 - INFO -  [OK] RemoteOK: 0 fetched → 0 new & recent (filtered: 0)
2026-06-10 17:41:19,396 - INFO -   [Sent] Sent 1 new jobs for 'cloud engineer'
2026-06-10 17:41:21,002 - INFO -   [OK] Pushed 'sent_jobs.json' to GitHub.
2026-06-10 17:41:22,712 - INFO -   [OK] Pushed 'last_run.json' to GitHub.
2026-06-10 17:41:22,714 - INFO - 
[Search] [site reliability engineer] - ['Hyderabad', 'Bangalore', 'Chennai', 'Pune', 'Remote']
2026-06-10 17:41:24,145 - INFO -     [200] https://www.linkedin.com/jobs-guest/jobs/api/seeMoreJobPostings/search?keywords=site%20rel
2026-06-10 17:41:25,781 - INFO -     [200] https://www.linkedin.com/jobs-guest/jobs/api/seeMoreJobPostings/search?keywords=site%20rel
2026-06-10 17:41:27,596 - INFO -     [200] https://www.linkedin.com/jobs-guest/jobs/api/seeMoreJobPostings/search?keywords=site%20rel
2026-06-10 17:41:29,335 - INFO -     [200] https://www.linkedin.com/jobs-guest/jobs/api/seeMoreJobPostings/search?keywords=site%20rel
2026-06-10 17:41:31,195 - INFO -     [200] https://www.linkedin.com/jobs-guest/jobs/api/seeMoreJobPostings/search?keywords=site%20rel
2026-06-10 17:41:31,408 - INFO - [DEBUG] Dropped job in 'united states' - not in target list
2026-06-10 17:41:31,408 - INFO - [DEBUG] Dropped job in 'riyadh, saudi arabia' - not in target list
2026-06-10 17:41:31,408 - INFO - [DEBUG] Dropped job in 'united states' - not in target list
2026-06-10 17:41:31,408 - INFO - [DEBUG] Dropped job in 'canada' - not in target list
2026-06-10 17:41:31,408 - INFO - [DEBUG] Dropped job in 'washington, dc' - not in target list
2026-06-10 17:41:31,408 - INFO - [DEBUG] Dropped job in 'bellevue, wa' - not in target list
2026-06-10 17:41:31,409 - INFO - [DEBUG] Dropped job in 'united states' - not in target list
2026-06-10 17:41:31,409 - INFO - [DEBUG] Dropped job in 'chicago, il' - not in target list
2026-06-10 17:41:31,409 - INFO - [DEBUG] Dropped job in 'tallahassee, fl' - not in target list
2026-06-10 17:41:31,409 - INFO -  [OK] LinkedIn: 49 fetched → 40 new & recent (filtered: 9)
2026-06-10 17:41:44,835 - INFO -  [OK] Naukri: 86 fetched → 8 new & recent (filtered: 78)
2026-06-10 17:41:45,336 - INFO -  [OK] Remotive: 13 fetched → 0 new & recent (filtered: 13)
2026-06-10 17:41:46,671 - INFO -  [OK] WeWorkRemotely: 14 fetched → 0 new & recent (filtered: 14)
2026-06-10 17:41:47,287 - INFO -  [OK] RemoteOK: 0 fetched → 0 new & recent (filtered: 0)
2026-06-10 17:41:52,005 - INFO -   [Sent] Sent 2 new jobs for 'site reliability engineer'
2026-06-10 17:41:53,484 - INFO -   [OK] Pushed 'sent_jobs.json' to GitHub.
2026-06-10 17:41:54,623 - INFO -   [OK] Pushed 'last_run.json' to GitHub.
2026-06-10 17:41:54,627 - INFO - 
[Search] [platform engineer] - ['Hyderabad', 'Bangalore', 'Chennai', 'Pune', 'Remote']
2026-06-10 17:41:56,226 - INFO -     [200] https://www.linkedin.com/jobs-guest/jobs/api/seeMoreJobPostings/search?keywords=platform%2
2026-06-10 17:41:58,023 - INFO -     [200] https://www.linkedin.com/jobs-guest/jobs/api/seeMoreJobPostings/search?keywords=platform%2
2026-06-10 17:41:59,582 - INFO -     [200] https://www.linkedin.com/jobs-guest/jobs/api/seeMoreJobPostings/search?keywords=platform%2
2026-06-10 17:42:01,322 - INFO -     [200] https://www.linkedin.com/jobs-guest/jobs/api/seeMoreJobPostings/search?keywords=platform%2
2026-06-10 17:42:03,022 - INFO -     [200] https://www.linkedin.com/jobs-guest/jobs/api/seeMoreJobPostings/search?keywords=platform%2
2026-06-10 17:42:03,265 - INFO - [DEBUG] Dropped job in 'riyadh, saudi arabia' - not in target list
2026-06-10 17:42:03,265 - INFO - [DEBUG] Dropped job in 'tallahassee, fl' - not in target list
2026-06-10 17:42:03,266 - INFO - [DEBUG] Dropped job in 'united states' - not in target list
2026-06-10 17:42:03,266 - INFO - [DEBUG] Dropped job in 'united states' - not in target list
2026-06-10 17:42:03,266 - INFO - [DEBUG] Dropped job in 'seattle, wa' - not in target list
2026-06-10 17:42:03,266 - INFO - [DEBUG] Dropped job in 'united kingdom' - not in target list
2026-06-10 17:42:03,266 - INFO - [DEBUG] Dropped job in 'san jose, ca' - not in target list
2026-06-10 17:42:03,266 - INFO -  [OK] LinkedIn: 43 fetched → 36 new & recent (filtered: 7)
2026-06-10 17:42:15,927 - INFO -  [OK] Naukri: 93 fetched → 10 new & recent (filtered: 83)
2026-06-10 17:42:16,427 - INFO -  [OK] Remotive: 13 fetched → 0 new & recent (filtered: 13)
2026-06-10 17:42:17,775 - INFO -  [OK] WeWorkRemotely: 16 fetched → 0 new & recent (filtered: 16)
2026-06-10 17:42:18,476 - INFO -  [OK] RemoteOK: 0 fetched → 0 new & recent (filtered: 0)
2026-06-10 17:42:25,287 - INFO -   [Sent] Sent 3 new jobs for 'platform engineer'
2026-06-10 17:42:26,900 - INFO -   [OK] Pushed 'sent_jobs.json' to GitHub.
2026-06-10 17:42:28,188 - INFO -   [OK] Pushed 'last_run.json' to GitHub.
2026-06-10 17:42:28,191 - INFO - 
[Search] [kubernetes engineer] - ['Hyderabad', 'Bangalore', 'Chennai', 'Pune', 'Remote']
2026-06-10 17:42:30,013 - INFO -     [200] https://www.linkedin.com/jobs-guest/jobs/api/seeMoreJobPostings/search?keywords=kubernetes
2026-06-10 17:42:31,765 - INFO -     [200] https://www.linkedin.com/jobs-guest/jobs/api/seeMoreJobPostings/search?keywords=kubernetes
2026-06-10 17:42:33,344 - INFO -     [200] https://www.linkedin.com/jobs-guest/jobs/api/seeMoreJobPostings/search?keywords=kubernetes
2026-06-10 17:42:34,773 - INFO -     [200] https://www.linkedin.com/jobs-guest/jobs/api/seeMoreJobPostings/search?keywords=kubernetes
2026-06-10 17:42:36,316 - INFO -     [200] https://www.linkedin.com/jobs-guest/jobs/api/seeMoreJobPostings/search?keywords=kubernetes
2026-06-10 17:42:36,528 - INFO - [DEBUG] Dropped job in 'grünwald, bavaria, germany' - not in target list
2026-06-10 17:42:36,528 - INFO - [DEBUG] Dropped job in 'san francisco, ca' - not in target list
2026-06-10 17:42:36,528 - INFO - [DEBUG] Dropped job in 'atlanta, ga' - not in target list
2026-06-10 17:42:36,528 - INFO - [DEBUG] Dropped job in 'norrköping, östergötland county, sweden' - not in target list
2026-06-10 17:42:36,528 - INFO - [DEBUG] Dropped job in 'london, england, united kingdom' - not in target list
2026-06-10 17:42:36,528 - INFO - [DEBUG] Dropped job in 'hungary' - not in target list
2026-06-10 17:42:36,528 - INFO - [DEBUG] Dropped job in 'dubai, dubai, united arab emirates' - not in target list
2026-06-10 17:42:36,528 - INFO - [DEBUG] Dropped job in 'new york city metropolitan area' - not in target list
2026-06-10 17:42:36,528 - INFO - [DEBUG] Dropped job in 'karlsruhe, baden-württemberg, germany' - not in target list
2026-06-10 17:42:36,528 - INFO - [DEBUG] Dropped job in 'gloucestershire, england, united kingdom' - not in target list
2026-06-10 17:42:36,529 - INFO -  [OK] LinkedIn: 32 fetched → 22 new & recent (filtered: 10)
2026-06-10 17:42:47,826 - INFO -  [OK] Naukri: 68 fetched → 4 new & recent (filtered: 64)
2026-06-10 17:42:48,327 - INFO -  [OK] Remotive: 13 fetched → 0 new & recent (filtered: 13)
2026-06-10 17:42:49,577 - INFO -  [OK] WeWorkRemotely: 13 fetched → 0 new & recent (filtered: 13)
2026-06-10 17:42:50,185 - INFO -  [OK] RemoteOK: 0 fetched → 0 new & recent (filtered: 0)
2026-06-10 17:42:59,193 - INFO -   [Sent] Sent 4 new jobs for 'kubernetes engineer'
2026-06-10 17:43:00,684 - INFO -   [OK] Pushed 'sent_jobs.json' to GitHub.
2026-06-10 17:43:01,923 - INFO -   [OK] Pushed 'last_run.json' to GitHub.
2026-06-10 17:43:04,362 - INFO -   [OK] Pushed 'sent_jobs.json' to GitHub.
2026-06-10 17:43:05,308 - INFO -   [OK] Pushed 'last_run.json' to GitHub.
2026-06-10 17:43:05,313 - INFO - 
==================================================
2026-06-10 17:43:05,313 - INFO - [OK] Run complete. Total new jobs sent: 49
2026-06-10 17:43:05,313 - INFO - ==================================================
============================================================
[RUN END] exit code: 0
============================================================
